Time,IP1,Port1,IP2,Port2,Proto,1->2Bytes,2->1Bytes,1->2Pkts,2->1Pkts,packet_times,packet_sizes,packet_dirs
1610574289,192.168.1.214,52651,137.110.0.69,443,17,7125,17108,35,57,1610574289003;1610574289004;1610574289023;1610574289024;1610574289043;1610574289044;1610574289049;1610574289061;1610574289065;1610574289086;1610574289105;1610574289105;1610574289105;1610574289124;1610574289125;1610574289146;1610574289155;1610574289155;1610574289166;1610574289187;1610574289196;1610574289196;1610574289206;1610574289215;1610574289227;1610574289239;1610574289239;1610574289261;1610574289277;1610574289277;1610574289278;1610574289278;1610574289299;1610574289318;1610574289318;1610574289318;1610574289338;1610574289338;1610574289339;1610574289347;1610574289368;1610574289374;1610574289380;1610574289380;1610574289380;1610574289398;1610574289399;1610574289399;1610574289399;1610574289399;1610574289406;1610574289426;1610574289509;1610574289520;1610574289520;1610574289546;1610574289620;1610574289620;1610574289620;1610574289621;1610574289621;1610574289630;1610574289631;1610574289642;1610574289642;1610574289642;1610574289659;1610574289661;1610574289661;1610574289661;1610574289681;1610574289681;1610574289681;1610574289701;1610574289701;1610574289722;1610574289722;1610574289743;1610574289743;1610574289764;1610574289783;1610574289804;1610574289824;1610574289824;1610574289844;1610574289864;1610574289905;1610574289905;1610574289925;1610574289926;1610574289926;1610574289954;,185;234;182;224;189;223;161;324;188;326;190;188;229;193;350;229;193;263;218;218;374;341;218;355;211;346;208;204;340;351;221;162;217;362;359;235;151;233;348;161;217;151;420;107;222;107;407;399;107;213;107;175;175;144;175;106;412;415;402;175;160;107;107;388;375;378;160;384;392;394;388;372;364;366;376;372;175;353;345;339;339;342;347;175;361;354;341;322;319;175;163;160;,2;1;2;1;2;1;2;1;2;1;2;2;1;2;1;1;2;2;1;1;2;2;1;2;1;2;1;1;2;2;1;1;1;2;2;1;1;1;2;2;1;2;2;1;1;2;2;2;1;1;2;1;2;1;1;2;2;2;2;1;1;2;1;2;2;2;2;2;2;2;2;2;2;2;2;2;1;2;2;2;2;2;2;1;2;2;2;2;2;1;1;2;
1610574290,192.168.1.214,52651,137.110.0.69,443,17,9228,18650,47,57,1610574290015;1610574290015;1610574290015;1610574290015;1610574290026;1610574290036;1610574290036;1610574290056;1610574290056;1610574290097;1610574290097;1610574290117;1610574290117;1610574290158;1610574290158;1610574290178;1610574290178;1610574290178;1610574290199;1610574290199;1610574290220;1610574290239;1610574290239;1610574290240;1610574290240;1610574290247;1610574290258;1610574290279;1610574290280;1610574290280;1610574290300;1610574290301;1610574290320;1610574290321;1610574290341;1610574290341;1610574290362;1610574290363;1610574290367;1610574290381;1610574290381;1610574290382;1610574290401;1610574290402;1610574290422;1610574290422;1610574290442;1610574290443;1610574290464;1610574290485;1610574290506;1610574290518;1610574290540;1610574290546;1610574290567;1610574290577;1610574290599;1610574290620;1610574290641;1610574290662;1610574290664;1610574290664;1610574290675;1610574290685;1610574290685;1610574290685;1610574290685;1610574290695;1610574290695;1610574290695;1610574290706;1610574290716;1610574290716;1610574290716;1610574290726;1610574290735;1610574290735;1610574290735;1610574290746;1610574290755;1610574290755;1610574290766;1610574290777;1610574290788;1610574290796;1610574290806;1610574290816;1610574290827;1610574290848;1610574290852;1610574290857;1610574290857;1610574290858;1610574290877;1610574290887;1610574290897;1610574290908;1610574290917;1610574290928;1610574290939;1610574290959;1610574290959;1610574290959;1610574290980;,143;324;329;334;175;338;341;346;351;359;355;175;357;351;213;349;343;204;341;193;199;348;362;202;161;160;202;204;370;371;368;204;368;198;356;202;151;198;151;336;324;194;328;191;198;338;202;332;202;200;206;202;204;161;192;199;200;198;203;194;322;309;161;310;311;327;198;350;365;383;203;376;374;341;204;335;341;368;201;375;371;199;345;202;339;203;332;195;193;161;332;323;209;314;204;321;195;323;205;196;331;337;194;200;,2;2;2;2;1;2;2;2;2;2;2;1;2;2;1;2;2;1;2;1;1;2;2;1;1;2;1;1;2;2;2;1;2;1;2;1;1;1;2;2;2;1;2;1;1;2;1;2;1;1;1;1;1;2;1;1;1;1;1;1;2;2;1;2;2;2;1;2;2;2;1;2;2;2;1;2;2;2;1;2;2;1;2;1;2;1;2;1;1;2;2;2;1;2;1;2;1;2;1;1;2;2;1;1;
1610574291,192.168.1.214,52651,137.110.0.69,443,17,6032,18972,33,59,1610574291000;1610574291021;1610574291042;1610574291060;1610574291060;1610574291061;1610574291061;1610574291080;1610574291080;1610574291080;1610574291080;1610574291100;1610574291100;1610574291101;1610574291121;1610574291121;1610574291141;1610574291142;1610574291161;1610574291161;1610574291167;1610574291177;1610574291181;1610574291202;1610574291202;1610574291223;1610574291223;1610574291234;1610574291244;1610574291244;1610574291252;1610574291252;1610574291260;1610574291261;1610574291262;1610574291283;1610574291283;1610574291304;1610574291304;1610574291324;1610574291324;1610574291344;1610574291344;1610574291364;1610574291365;1610574291376;1610574291386;1610574291387;1610574291412;1610574291425;1610574291425;1610574291445;1610574291457;1610574291467;1610574291476;1610574291496;1610574291560;1610574291560;1610574291586;1610574291587;1610574291637;1610574291662;1610574291718;1610574291729;1610574291760;1610574291779;1610574291779;1610574291779;1610574291799;1610574291799;1610574291799;1610574291819;1610574291819;1610574291819;1610574291840;1610574291840;1610574291840;1610574291860;1610574291860;1610574291860;1610574291861;1610574291881;1610574291881;1610574291881;1610574291887;1610574291901;1610574291901;1610574291920;1610574291941;1610574291961;1610574291962;1610574291983;,200;193;197;371;402;203;163;415;394;363;205;364;367;200;381;198;360;196;345;189;161;205;318;203;322;320;193;107;330;195;107;107;107;195;339;361;197;372;198;374;202;347;201;175;337;162;341;151;151;353;367;365;361;175;359;161;175;281;106;144;106;175;356;160;175;360;356;359;339;317;290;295;308;335;359;353;356;344;358;360;175;368;368;358;160;334;315;303;333;354;175;369;,1;1;1;2;2;1;1;2;2;2;1;2;2;1;2;1;2;1;2;1;2;1;2;1;2;2;1;1;2;1;2;1;2;1;2;2;1;2;1;2;1;2;1;1;2;1;2;1;2;2;2;2;2;1;2;2;1;1;2;2;1;1;2;1;1;2;2;2;2;2;2;2;2;2;2;2;2;2;2;2;1;2;2;2;2;2;2;2;2;2;1;2;
1610574292,192.168.1.214,52651,137.110.0.69,443,17,6575,17203,33,53,1610574292003;1610574292022;1610574292034;1610574292066;1610574292159;1610574292165;1610574292165;1610574292165;1610574292185;1610574292185;1610574292185;1610574292187;1610574292204;1610574292204;1610574292204;1610574292225;1610574292245;1610574292255;1610574292266;1610574292275;1610574292295;1610574292337;1610574292347;1610574292357;1610574292357;1610574292357;1610574292378;1610574292378;1610574292378;1610574292390;1610574292396;1610574292397;1610574292405;1610574292407;1610574292416;1610574292452;1610574292459;1610574292478;1610574292486;1610574292498;1610574292559;1610574292559;1610574292559;1610574292600;1610574292622;1610574292644;1610574292665;1610574292686;1610574292706;1610574292717;1610574292739;1610574292760;1610574292781;1610574292781;1610574292785;1610574292786;1610574292804;1610574292804;1610574292804;1610574292805;1610574292822;1610574292822;1610574292822;1610574292822;1610574292842;1610574292842;1610574292843;1610574292843;1610574292863;1610574292863;1610574292863;1610574292864;1610574292883;1610574292884;1610574292884;1610574292884;1610574292905;1610574292905;1610574292905;1610574292924;1610574292925;1610574292944;1610574292945;1610574292965;1610574292965;1610574292987;,351;348;163;175;175;352;362;364;365;356;349;160;349;355;367;362;364;344;175;328;318;334;161;338;345;175;348;408;274;151;358;151;106;144;350;106;175;303;160;325;365;378;175;212;205;196;192;200;197;195;197;193;201;378;161;161;361;355;341;199;323;307;320;199;206;320;317;295;316;325;325;206;219;359;395;331;404;380;216;357;222;366;219;368;217;210;,2;2;1;1;1;2;2;2;2;2;2;2;2;2;2;2;2;2;1;2;2;2;1;2;2;1;2;1;1;2;2;1;2;2;2;1;1;2;2;2;2;2;1;1;1;1;1;1;1;1;1;1;1;2;2;1;2;2;2;1;2;2;2;1;1;2;2;2;2;2;2;1;1;2;2;2;2;2;1;2;1;2;1;2;1;1;
1610574293,192.168.1.214,52651,137.110.0.69,443,17,4494,17414,27,69,1610574293005;1610574293005;1610574293006;1610574293019;1610574293020;1610574293020;1610574293026;1610574293046;1610574293056;1610574293066;1610574293076;1610574293087;1610574293087;1610574293092;1610574293103;1610574293124;1610574293134;1610574293147;1610574293148;1610574293160;1610574293176;1610574293179;1610574293179;1610574293180;1610574293197;1610574293197;1610574293197;1610574293217;1610574293217;1610574293217;1610574293257;1610574293257;1610574293257;1610574293258;1610574293278;1610574293283;1610574293299;1610574293320;1610574293359;1610574293359;1610574293359;1610574293360;1610574293370;1610574293380;1610574293380;1610574293380;1610574293396;1610574293400;1610574293422;1610574293422;1610574293448;1610574293466;1610574293481;1610574293481;1610574293481;1610574293491;1610574293501;1610574293501;1610574293511;1610574293512;1610574293521;1610574293522;1610574293539;1610574293543;1610574293582;1610574293582;1610574293626;1610574293721;1610574293748;1610574293765;1610574293776;1610574293802;1610574293815;1610574293815;1610574293826;1610574293826;1610574293835;1610574293835;1610574293835;1610574293856;1610574293856;1610574293856;1610574293876;1610574293876;1610574293876;1610574293896;1610574293896;1610574293896;1610574293917;1610574293917;1610574293917;1610574293928;1610574293937;1610574293959;1610574293978;1610574293997;,372;326;209;175;144;207;301;206;298;209;334;208;106;161;202;175;107;107;107;107;375;383;357;163;338;349;369;368;355;175;175;345;335;144;321;106;309;175;311;324;331;162;144;107;328;107;106;302;151;175;160;151;300;294;204;162;220;222;175;144;365;175;106;368;385;347;175;175;160;175;144;106;335;322;161;175;317;306;289;274;206;202;205;206;205;195;200;201;203;206;203;175;212;205;219;222;,2;2;1;2;1;1;2;1;2;1;2;1;2;2;1;1;1;2;1;2;2;2;2;1;2;2;2;2;2;1;2;2;2;1;2;2;2;1;2;2;2;2;1;2;2;1;2;2;1;1;2;2;2;2;2;1;2;2;2;1;2;1;2;2;2;2;1;1;2;2;1;2;2;2;1;1;2;2;2;2;2;2;2;2;2;2;2;2;2;2;2;1;2;2;2;2;
1610574294,192.168.1.214,52651,137.110.0.69,443,17,8701,10692,41,55,1610574294008;1610574294009;1610574294009;1610574294017;1610574294028;1610574294037;1610574294038;1610574294038;1610574294049;1610574294060;1610574294078;1610574294078;1610574294078;1610574294099;1610574294121;1610574294142;1610574294237;1610574294260;1610574294260;1610574294260;1610574294272;1610574294282;1610574294282;1610574294282;1610574294301;1610574294301;1610574294301;1610574294321;1610574294321;1610574294321;1610574294342;1610574294342;1610574294362;1610574294371;1610574294382;1610574294402;1610574294422;1610574294426;1610574294442;1610574294443;1610574294443;1610574294463;1610574294464;1610574294483;1610574294484;1610574294504;1610574294504;1610574294524;1610574294525;1610574294544;1610574294544;1610574294566;1610574294577;1610574294586;1610574294586;1610574294596;1610574294605;1610574294605;1610574294616;1610574294617;1610574294647;1610574294656;1610574294666;1610574294674;1610574294685;1610574294707;1610574294727;1610574294748;1610574294821;1610574294842;1610574294862;1610574294878;1610574294878;1610574294878;1610574294878;1610574294898;1610574294898;1610574294898;1610574294898;1610574294909;1610574294918;1610574294918;1610574294918;1610574294919;1610574294938;1610574294938;1610574294939;1610574294940;1610574294960;1610574294960;1610574294960;1610574294961;1610574294980;1610574294981;1610574294981;1610574294987;,225;175;144;211;226;298;106;160;202;289;208;196;189;192;194;175;175;197;197;199;163;199;200;191;190;193;192;185;185;187;186;175;193;161;189;188;190;151;191;151;221;193;214;190;219;191;220;188;235;190;223;221;221;189;188;162;188;207;189;198;213;191;220;161;232;234;230;175;231;241;204;189;189;186;198;189;190;191;224;160;183;192;192;221;191;191;237;191;190;229;276;382;386;107;351;161;,1;2;1;2;1;2;2;2;1;1;2;2;1;1;1;1;1;2;2;2;1;2;2;2;2;2;2;2;2;2;2;1;2;2;2;2;2;2;2;1;1;2;1;2;1;2;1;2;1;2;1;1;1;2;2;1;2;1;2;1;1;2;1;2;1;1;1;1;1;1;1;2;2;2;1;2;2;2;1;1;2;2;2;1;2;2;1;2;2;2;2;1;2;1;1;2;
1610574295,192.168.1.214,52651,137.110.0.69,443,17,18475,13767,60,63,1610574295003;1610574295003;1610574295003;1610574295008;1610574295019;1610574295040;1610574295040;1610574295041;1610574295041;1610574295041;1610574295061;1610574295061;1610574295061;1610574295082;1610574295102;1610574295102;1610574295102;1610574295122;1610574295123;1610574295144;1610574295163;1610574295163;1610574295164;1610574295185;1610574295206;1610574295226;1610574295247;1610574295263;1610574295263;1610574295263;1610574295263;1610574295264;1610574295264;1610574295264;1610574295273;1610574295284;1610574295284;1610574295284;1610574295284;1610574295289;1610574295289;1610574295301;1610574295321;1610574295342;1610574295364;1610574295386;1610574295405;1610574295405;1610574295405;1610574295406;1610574295415;1610574295415;1610574295415;1610574295425;1610574295446;1610574295467;1610574295467;1610574295478;1610574295498;1610574295506;1610574295507;1610574295517;1610574295517;1610574295524;1610574295534;1610574295537;1610574295537;1610574295537;1610574295537;1610574295557;1610574295558;1610574295558;1610574295558;1610574295577;1610574295577;1610574295577;1610574295578;1610574295578;1610574295584;1610574295605;1610574295626;1610574295646;1610574295658;1610574295658;1610574295658;1610574295659;1610574295679;1610574295679;1610574295679;1610574295701;1610574295722;1610574295742;1610574295760;1610574295761;1610574295761;1610574295782;1610574295789;1610574295802;1610574295824;1610574295846;1610574295867;1610574295878;1610574295897;1610574295907;1610574295922;1610574295922;1610574295923;1610574295923;1610574295942;1610574295942;1610574295942;1610574295943;1610574295963;1610574295963;1610574295963;1610574295963;1610574295964;1610574295964;1610574295983;1610574295983;1610574295983;1610574295983;1610574295993;,107;107;350;107;332;412;374;356;143;350;351;401;349;418;344;416;350;347;397;333;381;382;401;397;402;415;398;175;171;370;356;106;144;388;162;373;327;336;334;106;161;365;356;348;343;334;198;189;188;334;187;192;184;325;317;151;301;320;335;175;144;187;221;151;106;193;187;187;227;188;190;194;221;185;189;189;240;162;161;360;387;383;192;191;193;383;365;189;182;355;350;341;175;144;360;376;106;245;231;241;217;238;161;359;186;191;381;160;188;185;188;400;190;187;187;187;144;391;187;191;192;384;106;,2;1;1;2;1;1;2;2;2;2;2;1;2;1;2;2;1;1;2;1;2;2;1;1;1;1;1;2;2;2;2;1;1;1;1;1;2;2;2;2;2;1;1;1;1;1;2;2;2;1;2;2;2;1;1;1;1;1;1;2;1;2;1;2;2;2;2;2;1;2;2;2;1;2;2;2;1;1;2;1;1;1;2;2;2;1;1;2;2;1;1;1;2;1;1;1;2;1;1;1;1;1;2;1;2;2;1;1;2;2;2;1;2;2;2;2;1;1;2;2;2;1;2;
1610574296,192.168.1.214,52651,137.110.0.69,443,17,18900,10482,59,58,1610574296004;1610574296004;1610574296004;1610574296004;1610574296024;1610574296024;1610574296024;1610574296025;1610574296045;1610574296065;1610574296065;1610574296066;1610574296087;1610574296108;1610574296118;1610574296125;1610574296125;1610574296125;1610574296147;1610574296158;1610574296166;1610574296166;1610574296175;1610574296187;1610574296196;1610574296206;1610574296212;1610574296222;1610574296243;1610574296256;1610574296266;1610574296266;1610574296288;1610574296298;1610574296300;1610574296319;1610574296341;1610574296358;1610574296358;1610574296358;1610574296359;1610574296359;1610574296378;1610574296378;1610574296378;1610574296379;1610574296399;1610574296399;1610574296399;1610574296399;1610574296419;1610574296419;1610574296419;1610574296439;1610574296459;1610574296459;1610574296460;1610574296476;1610574296480;1610574296480;1610574296480;1610574296501;1610574296508;1610574296512;1610574296523;1610574296544;1610574296561;1610574296561;1610574296561;1610574296562;1610574296583;1610574296583;1610574296605;1610574296610;1610574296611;1610574296621;1610574296643;1610574296652;1610574296661;1610574296662;1610574296672;1610574296682;1610574296682;1610574296682;1610574296682;1610574296702;1610574296702;1610574296703;1610574296722;1610574296722;1610574296742;1610574296743;1610574296764;1610574296784;1610574296806;1610574296819;1610574296819;1610574296839;1610574296861;1610574296882;1610574296882;1610574296902;1610574296905;1610574296905;1610574296907;1610574296928;1610574296939;1610574296956;1610574296966;1610574296976;1610574296976;1610574296976;1610574296987;1610574296987;1610574296996;1610574296996;1610574296996;,190;367;187;188;188;188;192;382;396;187;192;398;382;352;356;187;189;198;352;363;189;186;183;343;190;350;161;349;361;175;144;361;372;366;106;360;344;187;193;189;335;163;187;190;189;332;192;188;193;349;187;195;351;339;187;188;309;151;187;151;328;341;194;161;209;229;187;194;192;343;364;281;385;106;144;392;402;106;190;383;162;187;192;193;384;189;190;370;190;359;192;340;337;339;335;161;345;349;351;107;339;337;107;107;107;340;352;188;347;188;189;192;161;349;191;190;189;,2;1;2;2;2;2;2;1;1;2;2;1;1;1;1;2;2;2;1;1;2;2;2;1;2;1;2;1;1;2;1;1;1;1;2;1;1;2;2;2;1;1;2;2;2;1;2;2;2;1;2;2;1;1;2;2;1;2;2;1;1;1;2;2;1;1;2;2;2;1;1;1;1;2;2;1;1;1;2;1;1;2;2;2;1;2;2;1;2;1;2;1;1;1;1;2;1;1;1;1;1;1;2;1;2;1;1;2;1;2;2;2;1;1;2;2;2;
1610574297,192.168.1.214,52651,137.110.0.69,443,17,17959,9956,56,55,1610574297006;1610574297016;1610574297016;1610574297016;1610574297027;1610574297037;1610574297037;1610574297037;1610574297048;1610574297056;1610574297056;1610574297056;1610574297067;1610574297077;1610574297077;1610574297087;1610574297097;1610574297098;1610574297112;1610574297117;1610574297118;1610574297127;1610574297128;1610574297138;1610574297138;1610574297159;1610574297179;1610574297179;1610574297180;1610574297198;1610574297199;1610574297218;1610574297219;1610574297239;1610574297239;1610574297260;1610574297260;1610574297281;1610574297302;1610574297322;1610574297342;1610574297362;1610574297362;1610574297372;1610574297381;1610574297381;1610574297381;1610574297382;1610574297400;1610574297400;1610574297400;1610574297401;1610574297421;1610574297421;1610574297430;1610574297441;1610574297441;1610574297461;1610574297462;1610574297481;1610574297482;1610574297503;1610574297503;1610574297511;1610574297512;1610574297522;1610574297523;1610574297542;1610574297542;1610574297542;1610574297542;1610574297562;1610574297563;1610574297582;1610574297582;1610574297583;1610574297603;1610574297604;1610574297623;1610574297623;1610574297643;1610574297644;1610574297663;1610574297664;1610574297674;1610574297684;1610574297684;1610574297704;1610574297705;1610574297725;1610574297726;1610574297731;1610574297742;1610574297745;1610574297765;1610574297765;1610574297765;1610574297776;1610574297777;1610574297788;1610574297799;1610574297802;1610574297820;1610574297841;1610574297862;1610574297882;1610574297903;1610574297923;1610574297944;1610574297965;1610574297985;,334;189;189;185;341;189;184;190;339;189;190;190;341;183;184;342;187;344;161;183;342;107;107;187;342;352;188;190;371;189;385;188;384;191;362;339;186;331;341;345;331;184;316;163;189;191;191;316;193;187;187;318;187;341;161;186;336;190;345;189;319;151;316;175;144;317;151;193;191;192;337;190;357;190;106;349;184;351;186;335;188;347;191;339;162;187;362;190;369;186;368;161;360;193;341;175;182;185;144;356;367;106;375;355;342;318;320;308;318;311;313;,1;2;2;2;1;2;2;2;1;2;2;2;1;2;2;1;2;1;2;2;1;2;1;2;1;1;2;2;1;2;1;2;1;2;1;1;2;1;1;1;1;2;1;1;2;2;2;1;2;2;2;1;2;1;2;2;1;2;1;2;1;1;1;2;1;1;2;2;2;2;1;2;1;2;2;1;2;1;2;1;2;1;2;1;1;2;1;2;1;2;1;2;1;2;1;2;2;2;1;1;1;2;1;1;1;1;1;1;1;1;1;
1610574298,192.168.1.214,52651,137.110.0.69,443,17,6371,14360,31,62,1610574298006;1610574298020;1610574298020;1610574298020;1610574298020;1610574298020;1610574298034;1610574298038;1610574298038;1610574298038;1610574298039;1610574298059;1610574298059;1610574298059;1610574298060;1610574298079;1610574298079;1610574298079;1610574298079;1610574298099;1610574298099;1610574298099;1610574298100;1610574298119;1610574298119;1610574298120;1610574298140;1610574298140;1610574298161;1610574298183;1610574298204;1610574298220;1610574298220;1610574298220;1610574298221;1610574298241;1610574298241;1610574298241;1610574298261;1610574298261;1610574298262;1610574298262;1610574298283;1610574298287;1610574298302;1610574298302;1610574298302;1610574298323;1610574298349;1610574298422;1610574298424;1610574298435;1610574298444;1610574298445;1610574298445;1610574298464;1610574298464;1610574298465;1610574298485;1610574298485;1610574298487;1610574298505;1610574298525;1610574298526;1610574298526;1610574298557;1610574298557;1610574298579;1610574298595;1610574298626;1610574298636;1610574298636;1610574298651;1610574298657;1610574298679;1610574298698;1610574298717;1610574298717;1610574298738;1610574298747;1610574298748;1610574298758;1610574298759;1610574298759;1610574298764;1610574298777;1610574298798;1610574298818;1610574298818;1610574298838;1610574298924;1610574298990;1610574298991;,319;187;190;190;334;160;161;186;189;187;332;184;189;190;331;188;188;185;320;193;189;188;317;190;187;204;188;209;198;207;201;190;187;190;203;183;187;202;175;190;144;205;214;106;219;221;212;175;161;175;226;163;356;402;412;399;367;368;373;367;151;360;363;151;175;362;344;338;313;175;311;300;160;304;219;215;203;175;107;107;107;207;207;162;107;205;198;197;175;195;175;166;144;,1;2;2;2;1;1;2;2;2;2;1;2;2;2;1;2;2;2;1;2;2;2;1;2;2;1;2;1;1;1;1;2;2;2;1;2;2;1;2;2;1;1;1;2;2;2;1;1;2;1;2;1;2;2;2;2;2;2;2;2;2;2;2;1;1;2;2;2;2;1;2;2;2;2;2;2;2;1;1;2;1;2;2;1;2;2;2;2;1;2;1;2;1;
1610574299,192.168.1.214,52651,137.110.0.69,443,17,12335,18555,52,64,1610574299017;1610574299023;1610574299049;1610574299122;1610574299122;1610574299122;1610574299123;1610574299133;1610574299143;1610574299143;1610574299143;1610574299143;1610574299162;1610574299162;1610574299162;1610574299163;1610574299182;1610574299182;1610574299182;1610574299182;1610574299203;1610574299203;1610574299203;1610574299205;1610574299224;1610574299224;1610574299225;1610574299225;1610574299244;1610574299244;1610574299245;1610574299264;1610574299265;1610574299285;1610574299285;1610574299305;1610574299306;1610574299324;1610574299325;1610574299345;1610574299345;1610574299356;1610574299360;1610574299360;1610574299381;1610574299402;1610574299423;1610574299444;1610574299464;1610574299476;1610574299476;1610574299476;1610574299487;1610574299488;1610574299496;1610574299496;1610574299496;1610574299506;1610574299507;1610574299507;1610574299507;1610574299507;1610574299517;1610574299518;1610574299526;1610574299527;1610574299527;1610574299537;1610574299537;1610574299547;1610574299547;1610574299557;1610574299558;1610574299579;1610574299581;1610574299599;1610574299600;1610574299619;1610574299620;1610574299639;1610574299640;1610574299659;1610574299660;1610574299671;1610574299679;1610574299679;1610574299700;1610574299700;1610574299720;1610574299720;1610574299740;1610574299741;1610574299760;1610574299761;1610574299761;1610574299761;1610574299781;1610574299782;1610574299791;1610574299793;1610574299801;1610574299802;1610574299822;1610574299841;1610574299841;1610574299842;1610574299862;1610574299882;1610574299882;1610574299883;1610574299905;1610574299926;1610574299946;1610574299967;1610574299978;1610574299978;,106;175;160;198;196;202;226;160;197;219;207;224;302;282;193;214;330;207;243;397;371;336;325;415;412;324;356;366;356;345;324;338;322;413;340;385;340;348;356;343;350;361;161;349;330;321;327;352;357;388;399;387;163;339;385;374;376;175;203;171;212;106;368;144;151;151;206;365;371;106;203;381;206;202;369;345;204;326;202;339;205;358;206;161;373;204;198;364;204;346;311;199;175;303;144;195;293;205;162;106;308;202;208;296;201;206;204;200;196;205;204;202;202;206;161;199;,2;1;2;2;2;2;1;1;2;2;2;1;2;2;2;1;1;2;2;2;2;2;1;2;2;1;2;2;2;2;1;2;1;2;1;2;1;2;1;2;1;2;2;1;1;1;1;1;1;2;2;2;1;1;2;2;2;2;1;2;2;1;2;1;2;1;1;2;2;2;1;2;1;1;2;2;1;2;1;2;1;2;1;2;2;1;1;2;1;2;2;1;2;2;1;1;2;1;1;2;2;1;1;2;2;1;1;2;2;1;1;1;1;1;2;1;
1610574299,192.168.1.214,65293,137.110.0.69,443,6,117,117,2,2,1610574299281;1610574299298;1610574299299;1610574299344;,77;40;77;40;,1;2;2;1;
1610574300,192.168.1.214,52651,137.110.0.69,443,17,8947,11438,46,62,1610574300000;1610574300014;1610574300024;1610574300024;1610574300046;1610574300054;1610574300067;1610574300078;1610574300099;1610574300105;1610574300105;1610574300105;1610574300105;1610574300116;1610574300126;1610574300126;1610574300126;1610574300126;1610574300137;1610574300137;1610574300137;1610574300147;1610574300155;1610574300156;1610574300156;1610574300166;1610574300176;1610574300176;1610574300186;1610574300196;1610574300207;1610574300216;1610574300226;1610574300238;1610574300238;1610574300238;1610574300257;1610574300268;1610574300277;1610574300278;1610574300298;1610574300298;1610574300300;1610574300320;1610574300339;1610574300339;1610574300358;1610574300358;1610574300359;1610574300379;1610574300380;1610574300400;1610574300401;1610574300424;1610574300445;1610574300466;1610574300486;1610574300506;1610574300519;1610574300519;1610574300519;1610574300520;1610574300530;1610574300531;1610574300542;1610574300542;1610574300542;1610574300542;1610574300542;1610574300560;1610574300560;1610574300561;1610574300581;1610574300582;1610574300601;1610574300602;1610574300608;1610574300619;1610574300621;1610574300631;1610574300641;1610574300641;1610574300651;1610574300652;1610574300657;1610574300661;1610574300662;1610574300682;1610574300682;1610574300702;1610574300702;1610574300722;1610574300743;1610574300762;1610574300783;1610574300805;1610574300806;1610574300825;1610574300835;1610574300845;1610574300865;1610574300885;1610574300885;1610574300886;1610574300895;1610574300907;1610574300916;1610574300933;,217;175;144;193;194;106;203;199;201;200;143;203;200;160;203;205;195;208;193;192;193;201;192;194;193;205;195;192;204;196;198;191;200;200;196;210;192;205;196;200;189;201;161;227;192;230;195;194;223;193;215;205;198;205;213;213;210;214;187;189;189;214;163;151;188;195;195;151;210;193;195;206;190;210;193;209;161;213;190;107;189;214;107;107;107;195;225;190;226;194;175;192;194;190;187;175;192;197;162;191;189;107;186;107;197;175;191;160;,1;2;1;1;1;2;1;1;1;2;2;2;2;1;2;2;2;1;2;2;2;1;2;2;2;1;2;2;1;2;1;2;1;2;2;1;2;1;2;1;2;1;2;1;2;1;2;2;1;2;1;1;2;1;1;1;1;1;2;2;2;1;1;2;2;2;2;1;1;2;2;1;2;1;2;1;2;1;2;1;2;1;2;1;2;2;1;2;1;2;1;2;2;2;2;1;2;2;1;2;2;2;2;1;2;1;2;2;
1610574301,192.168.1.214,52651,137.110.0.69,443,17,5817,12577,29,64,1610574301006;1610574301027;1610574301048;1610574301058;1610574301079;1610574301101;1610574301122;1610574301142;1610574301158;1610574301158;1610574301159;1610574301159;1610574301178;1610574301178;1610574301178;1610574301179;1610574301199;1610574301199;1610574301199;1610574301199;1610574301219;1610574301219;1610574301219;1610574301220;1610574301238;1610574301238;1610574301238;1610574301239;1610574301245;1610574301259;1610574301259;1610574301260;1610574301281;1610574301300;1610574301320;1610574301340;1610574301340;1610574301360;1610574301380;1610574301420;1610574301420;1610574301442;1610574301462;1610574301462;1610574301473;1610574301536;1610574301546;1610574301555;1610574301562;1610574301563;1610574301563;1610574301563;1610574301563;1610574301563;1610574301576;1610574301583;1610574301583;1610574301583;1610574301594;1610574301605;1610574301626;1610574301646;1610574301646;1610574301647;1610574301671;1610574301671;1610574301673;1610574301674;1610574301686;1610574301707;1610574301715;1610574301723;1610574301746;1610574301755;1610574301755;1610574301756;1610574301795;1610574301806;1610574301816;1610574301816;1610574301816;1610574301826;1610574301836;1610574301846;1610574301876;1610574301880;1610574301897;1610574301897;1610574301919;1610574301941;1610574301958;1610574301958;1610574301978;,175;224;231;355;354;332;207;212;198;194;219;160;187;190;182;207;184;187;187;208;188;188;189;209;191;195;192;175;161;197;190;188;189;191;191;194;175;191;189;190;187;175;189;196;163;174;175;151;106;178;193;189;187;151;160;192;192;191;144;193;192;175;281;189;106;191;106;144;193;189;192;106;175;175;210;144;252;161;365;378;342;106;334;175;318;160;212;210;205;175;191;194;196;,1;1;1;1;1;1;1;1;2;2;1;1;2;2;2;1;2;2;2;1;2;2;2;1;2;2;2;1;2;2;2;2;2;2;2;2;1;2;2;2;2;1;2;2;1;1;1;2;2;2;2;2;2;1;2;2;2;2;1;2;2;1;1;2;2;2;2;2;2;2;2;1;1;2;2;1;2;1;2;2;2;2;2;1;2;2;2;2;2;1;2;2;2;
1610574302,192.168.1.214,52651,137.110.0.69,443,17,3849,14664,20,56,1610574302041;1610574302146;1610574302202;1610574302202;1610574302214;1610574302221;1610574302221;1610574302221;1610574302241;1610574302241;1610574302241;1610574302242;1610574302261;1610574302261;1610574302261;1610574302272;1610574302282;1610574302282;1610574302282;1610574302302;1610574302302;1610574302344;1610574302344;1610574302364;1610574302404;1610574302404;1610574302404;1610574302424;1610574302444;1610574302445;1610574302464;1610574302484;1610574302485;1610574302504;1610574302504;1610574302505;1610574302511;1610574302512;1610574302542;1610574302564;1610574302564;1610574302568;1610574302589;1610574302599;1610574302617;1610574302617;1610574302627;1610574302628;1610574302637;1610574302637;1610574302637;1610574302637;1610574302658;1610574302658;1610574302704;1610574302704;1610574302718;1610574302718;1610574302740;1610574302761;1610574302761;1610574302778;1610574302798;1610574302820;1610574302830;1610574302841;1610574302861;1610574302861;1610574302874;1610574302882;1610574302903;1610574302946;1610574302961;1610574302961;1610574302961;1610574302982;,175;175;196;204;161;201;206;194;204;197;197;175;197;201;203;160;205;207;200;208;203;194;175;197;204;204;223;214;236;175;346;386;107;107;386;107;107;163;227;151;224;160;371;381;380;347;151;221;331;328;208;175;299;300;219;234;278;383;175;371;344;335;353;345;161;175;338;346;160;359;351;175;329;411;412;405;,1;1;2;2;1;2;2;2;2;2;2;1;2;2;2;2;2;2;2;2;2;2;1;2;2;2;2;2;2;1;2;2;1;2;2;1;2;1;1;1;1;2;1;1;2;2;2;1;2;2;2;1;2;2;2;2;2;2;1;2;2;2;2;2;1;1;2;2;2;2;2;1;2;2;2;2;
1610574303,192.168.1.214,52651,137.110.0.69,443,17,9571,18843,46,58,1610574303011;1610574303012;1610574303042;1610574303044;1610574303064;1610574303085;1610574303106;1610574303127;1610574303138;1610574303158;1610574303179;1610574303196;1610574303207;1610574303217;1610574303238;1610574303259;1610574303266;1610574303266;1610574303266;1610574303276;1610574303276;1610574303276;1610574303276;1610574303277;1610574303296;1610574303296;1610574303296;1610574303316;1610574303316;1610574303316;1610574303337;1610574303337;1610574303337;1610574303360;1610574303360;1610574303360;1610574303381;1610574303381;1610574303382;1610574303403;1610574303419;1610574303438;1610574303459;1610574303469;1610574303480;1610574303501;1610574303504;1610574303510;1610574303519;1610574303519;1610574303519;1610574303520;1610574303540;1610574303540;1610574303559;1610574303559;1610574303580;1610574303580;1610574303601;1610574303622;1610574303642;1610574303663;1610574303675;1610574303682;1610574303682;1610574303692;1610574303703;1610574303712;1610574303712;1610574303712;1610574303722;1610574303725;1610574303725;1610574303725;1610574303746;1610574303768;1610574303773;1610574303773;1610574303773;1610574303782;1610574303782;1610574303782;1610574303804;1610574303822;1610574303823;1610574303831;1610574303841;1610574303843;1610574303864;1610574303864;1610574303882;1610574303882;1610574303883;1610574303901;1610574303902;1610574303922;1610574303942;1610574303945;1610574303945;1610574303966;1610574303983;1610574303983;1610574303984;1610574303984;,175;144;218;106;208;221;240;232;365;364;356;160;224;213;209;210;402;410;413;161;404;377;362;175;354;345;349;351;350;345;345;358;383;386;363;332;321;333;175;339;352;354;162;144;175;218;106;160;357;368;370;217;378;202;376;195;151;196;202;205;202;210;151;377;203;163;201;373;366;356;202;350;353;360;207;202;360;337;325;329;354;205;198;359;197;161;201;362;336;204;337;329;195;323;194;201;204;308;292;204;292;307;196;162;,2;1;1;2;1;1;1;1;1;1;1;2;1;1;1;1;2;2;2;1;2;2;2;1;2;2;2;2;2;2;2;2;2;2;2;2;2;2;1;2;2;2;2;1;1;1;2;2;2;2;2;1;2;1;2;1;1;1;1;1;1;1;2;2;1;1;1;2;2;2;1;2;2;2;1;1;2;2;2;2;2;1;1;2;1;2;1;2;2;1;2;2;1;2;1;1;1;2;2;1;2;2;1;1;
1610574304,192.168.1.214,52651,137.110.0.69,443,17,10746,13172,45,60,1610574304003;1610574304004;1610574304023;1610574304024;1610574304044;1610574304044;1610574304063;1610574304064;1610574304084;1610574304105;1610574304126;1610574304133;1610574304144;1610574304165;1610574304186;1610574304207;1610574304218;1610574304239;1610574304261;1610574304282;1610574304304;1610574304316;1610574304316;1610574304327;1610574304327;1610574304337;1610574304337;1610574304337;1610574304338;1610574304356;1610574304356;1610574304357;1610574304368;1610574304377;1610574304377;1610574304377;1610574304377;1610574304388;1610574304397;1610574304397;1610574304398;1610574304398;1610574304398;1610574304398;1610574304414;1610574304418;1610574304418;1610574304419;1610574304424;1610574304438;1610574304438;1610574304439;1610574304460;1610574304479;1610574304479;1610574304479;1610574304479;1610574304499;1610574304499;1610574304508;1610574304509;1610574304519;1610574304520;1610574304535;1610574304539;1610574304540;1610574304560;1610574304561;1610574304581;1610574304602;1610574304602;1610574304621;1610574304621;1610574304631;1610574304631;1610574304631;1610574304642;1610574304662;1610574304714;1610574304721;1610574304744;1610574304744;1610574304744;1610574304766;1610574304774;1610574304774;1610574304774;1610574304783;1610574304783;1610574304783;1610574304793;1610574304803;1610574304824;1610574304851;1610574304862;1610574304865;1610574304885;1610574304906;1610574304925;1610574304936;1610574304946;1610574304967;1610574304973;1610574304975;1610574304995;,327;200;373;210;378;235;374;225;356;349;351;161;363;371;228;219;229;344;350;353;349;338;326;160;347;314;306;296;332;292;281;301;356;324;224;229;379;107;107;219;220;220;107;223;107;214;213;232;161;212;213;223;215;213;213;207;221;205;220;175;144;208;198;106;189;209;196;208;213;151;209;201;205;107;163;107;213;175;151;192;193;188;193;175;198;204;202;210;204;203;161;209;205;191;175;192;191;194;194;162;189;175;189;189;190;,2;1;2;1;2;1;2;1;1;1;1;2;1;1;1;1;1;1;1;1;1;2;2;1;1;2;2;2;1;2;2;2;1;2;2;2;1;1;2;2;2;2;1;1;2;2;2;1;2;2;2;1;1;2;2;2;1;2;1;2;1;1;2;2;2;1;2;1;1;1;1;2;1;2;1;1;1;1;2;2;2;2;2;1;2;2;2;2;2;2;2;2;2;2;1;2;2;2;2;1;2;1;2;2;2;
1610574305,192.168.1.214,52651,137.110.0.69,443,17,8311,10756,36,57,1610574305005;1610574305026;1610574305036;1610574305046;1610574305062;1610574305063;1610574305079;1610574305080;1610574305090;1610574305101;1610574305123;1610574305144;1610574305164;1610574305185;1610574305206;1610574305226;1610574305247;1610574305268;1610574305279;1610574305299;1610574305321;1610574305341;1610574305362;1610574305362;1610574305362;1610574305362;1610574305363;1610574305363;1610574305382;1610574305382;1610574305382;1610574305382;1610574305401;1610574305401;1610574305401;1610574305402;1610574305410;1610574305421;1610574305421;1610574305421;1610574305422;1610574305441;1610574305441;1610574305441;1610574305442;1610574305461;1610574305461;1610574305461;1610574305462;1610574305482;1610574305482;1610574305482;1610574305482;1610574305522;1610574305522;1610574305542;1610574305562;1610574305583;1610574305584;1610574305604;1610574305608;1610574305619;1610574305623;1610574305664;1610574305675;1610574305686;1610574305712;1610574305755;1610574305755;1610574305755;1610574305759;1610574305759;1610574305775;1610574305775;1610574305775;1610574305786;1610574305789;1610574305796;1610574305796;1610574305817;1610574305856;1610574305856;1610574305876;1610574305887;1610574305937;1610574305937;1610574305977;1610574305977;1610574305977;1610574305989;1610574305989;1610574305997;1610574305998;,239;248;189;248;197;248;198;262;160;232;234;361;360;353;350;367;375;231;218;215;206;206;143;198;189;190;214;160;188;197;197;212;202;204;202;204;161;201;204;200;207;196;199;199;216;208;199;197;205;198;198;193;175;197;190;184;189;175;190;189;151;151;190;191;163;175;160;187;191;190;175;144;194;197;189;175;106;194;193;191;189;182;191;175;190;189;192;192;193;161;226;193;220;,1;1;2;1;2;1;2;1;2;1;1;1;1;1;1;1;1;1;1;1;1;1;2;2;2;2;1;1;2;2;2;1;2;2;2;1;2;2;2;2;1;2;2;2;1;2;2;2;1;2;2;2;1;2;2;2;2;1;2;2;2;1;2;2;1;1;2;2;2;2;2;1;2;2;2;1;2;2;2;2;2;2;2;1;2;2;2;2;2;1;1;2;1;
1610574306,192.168.1.214,52651,137.110.0.69,443,17,18918,11396,59,63,1610574306015;1610574306019;1610574306020;1610574306039;1610574306040;1610574306059;1610574306060;1610574306079;1610574306079;1610574306099;1610574306100;1610574306120;1610574306120;1610574306140;1610574306141;1610574306159;1610574306160;1610574306182;1610574306203;1610574306224;1610574306235;1610574306245;1610574306251;1610574306251;1610574306261;1610574306261;1610574306282;1610574306302;1610574306322;1610574306332;1610574306342;1610574306363;1610574306384;1610574306402;1610574306402;1610574306403;1610574306412;1610574306423;1610574306443;1610574306443;1610574306443;1610574306444;1610574306464;1610574306464;1610574306464;1610574306465;1610574306474;1610574306483;1610574306483;1610574306483;1610574306484;1610574306501;1610574306503;1610574306503;1610574306503;1610574306504;1610574306505;1610574306515;1610574306515;1610574306515;1610574306524;1610574306524;1610574306524;1610574306524;1610574306524;1610574306544;1610574306544;1610574306544;1610574306565;1610574306565;1610574306586;1610574306595;1610574306595;1610574306605;1610574306616;1610574306616;1610574306626;1610574306631;1610574306635;1610574306635;1610574306645;1610574306646;1610574306666;1610574306666;1610574306676;1610574306686;1610574306696;1610574306696;1610574306707;1610574306708;1610574306717;1610574306728;1610574306729;1610574306749;1610574306751;1610574306759;1610574306781;1610574306797;1610574306798;1610574306798;1610574306798;1610574306818;1610574306818;1610574306818;1610574306818;1610574306838;1610574306838;1610574306860;1610574306880;1610574306899;1610574306899;1610574306899;1610574306900;1610574306920;1610574306940;1610574306940;1610574306941;1610574306945;1610574306960;1610574306961;1610574306980;1610574306981;,160;195;222;189;324;201;336;219;360;202;397;416;280;188;407;188;394;383;376;387;107;395;107;107;107;403;401;396;382;161;349;327;324;191;192;342;161;344;183;185;192;353;191;191;192;359;409;191;194;191;348;106;193;190;192;332;144;175;171;106;191;188;188;144;314;190;191;315;190;321;328;106;187;327;188;189;326;161;151;190;151;322;328;281;187;323;185;106;144;339;189;163;348;356;106;344;339;190;186;192;342;341;191;188;191;189;334;324;328;190;191;188;332;361;188;187;380;161;190;393;192;361;,2;2;1;2;1;2;1;2;1;2;1;1;2;2;1;2;1;1;1;1;1;1;2;1;2;1;1;1;1;2;1;1;1;2;2;1;1;1;2;2;2;1;2;2;2;1;1;2;2;2;1;2;2;2;2;1;2;2;2;1;2;2;2;1;1;2;2;1;2;1;1;2;2;1;2;2;1;2;2;2;1;1;1;1;2;1;2;2;2;1;2;1;1;1;1;1;1;2;2;2;1;1;2;2;2;2;1;1;1;2;2;2;1;1;2;2;1;2;2;1;2;1;
1610574307,192.168.1.214,52651,137.110.0.69,443,17,18632,11095,58,61,1610574307000;1610574307001;1610574307021;1610574307021;1610574307032;1610574307041;1610574307041;1610574307061;1610574307061;1610574307072;1610574307082;1610574307082;1610574307102;1610574307102;1610574307102;1610574307123;1610574307142;1610574307142;1610574307143;1610574307148;1610574307162;1610574307163;1610574307183;1610574307184;1610574307204;1610574307225;1610574307231;1610574307231;1610574307243;1610574307252;1610574307264;1610574307265;1610574307276;1610574307286;1610574307301;1610574307306;1610574307327;1610574307348;1610574307359;1610574307380;1610574307402;1610574307423;1610574307443;1610574307465;1610574307485;1610574307506;1610574307509;1610574307509;1610574307517;1610574307517;1610574307517;1610574307528;1610574307528;1610574307536;1610574307538;1610574307538;1610574307538;1610574307538;1610574307554;1610574307559;1610574307559;1610574307559;1610574307559;1610574307579;1610574307579;1610574307579;1610574307579;1610574307599;1610574307599;1610574307599;1610574307599;1610574307619;1610574307619;1610574307619;1610574307620;1610574307631;1610574307639;1610574307639;1610574307639;1610574307639;1610574307659;1610574307659;1610574307659;1610574307681;1610574307700;1610574307700;1610574307700;1610574307721;1610574307721;1610574307742;1610574307763;1610574307763;1610574307773;1610574307784;1610574307800;1610574307805;1610574307825;1610574307846;1610574307852;1610574307863;1610574307882;1610574307882;1610574307882;1610574307882;1610574307882;1610574307902;1610574307902;1610574307902;1610574307903;1610574307922;1610574307922;1610574307922;1610574307923;1610574307943;1610574307943;1610574307943;1610574307962;1610574307963;1610574307985;,191;338;194;320;161;190;325;185;331;190;144;327;187;191;331;351;189;187;387;106;186;253;187;253;230;227;187;191;352;161;352;175;144;385;106;388;404;387;419;410;409;387;384;372;384;356;175;144;190;187;191;161;351;106;189;188;188;311;161;189;189;192;324;189;191;193;333;189;185;191;349;187;186;188;358;151;187;188;193;353;192;151;355;359;189;189;363;195;364;372;375;175;144;375;106;377;369;369;161;357;189;190;193;343;163;192;189;189;331;191;186;194;311;201;204;315;204;317;327;,2;1;2;1;1;2;1;2;1;2;1;1;2;2;1;1;2;2;1;2;2;1;2;1;1;1;2;2;1;2;1;2;1;1;2;1;1;1;1;1;1;1;1;1;1;1;2;1;2;2;2;1;1;2;2;2;2;1;2;2;2;2;1;2;2;2;1;2;2;2;1;2;2;2;1;2;2;2;2;1;2;1;1;1;2;2;1;2;1;1;1;2;1;1;2;1;1;1;2;1;2;2;2;1;1;2;2;2;1;2;2;2;1;2;2;1;2;1;1;
1610574308,192.168.1.214,52651,137.110.0.69,443,17,18044,11602,59,63,1610574308005;1610574308025;1610574308025;1610574308025;1610574308025;1610574308045;1610574308045;1610574308067;1610574308085;1610574308085;1610574308086;1610574308106;1610574308127;1610574308136;1610574308136;1610574308136;1610574308146;1610574308146;1610574308147;1610574308155;1610574308157;1610574308158;1610574308163;1610574308176;1610574308176;1610574308186;1610574308197;1610574308208;1610574308208;1610574308216;1610574308227;1610574308238;1610574308257;1610574308257;1610574308257;1610574308258;1610574308268;1610574308278;1610574308295;1610574308300;1610574308321;1610574308343;1610574308364;1610574308378;1610574308379;1610574308379;1610574308399;1610574308420;1610574308441;1610574308453;1610574308463;1610574308484;1610574308500;1610574308500;1610574308500;1610574308501;1610574308501;1610574308521;1610574308521;1610574308521;1610574308521;1610574308539;1610574308539;1610574308539;1610574308540;1610574308560;1610574308560;1610574308560;1610574308561;1610574308580;1610574308580;1610574308580;1610574308581;1610574308601;1610574308601;1610574308601;1610574308622;1610574308640;1610574308640;1610574308641;1610574308651;1610574308662;1610574308663;1610574308682;1610574308684;1610574308684;1610574308702;1610574308702;1610574308722;1610574308722;1610574308742;1610574308742;1610574308763;1610574308763;1610574308763;1610574308763;1610574308767;1610574308778;1610574308789;1610574308799;1610574308802;1610574308802;1610574308812;1610574308823;1610574308844;1610574308865;1610574308885;1610574308903;1610574308903;1610574308903;1610574308904;1610574308924;1610574308924;1610574308924;1610574308924;1610574308944;1610574308944;1610574308965;1610574308965;1610574308985;1610574308985;1610574308995;,335;205;198;202;340;197;362;368;197;196;371;350;344;191;187;107;330;107;107;161;190;320;107;195;189;309;193;162;307;192;303;299;196;196;319;175;144;341;106;225;227;236;250;107;107;254;258;256;247;161;247;409;189;190;191;341;160;189;200;191;359;198;203;204;348;208;194;199;327;197;202;195;415;194;194;364;353;190;194;421;151;377;189;192;151;355;196;347;335;195;336;185;175;189;144;340;161;364;106;380;196;191;163;391;403;395;384;193;192;192;353;193;187;195;360;196;372;388;181;186;384;191;,1;2;2;2;1;2;1;1;2;2;1;1;1;2;2;1;1;2;1;2;2;1;2;2;2;1;2;1;1;2;1;1;2;2;1;2;1;1;2;1;1;1;1;2;1;1;1;1;1;2;1;1;2;2;2;1;1;2;2;2;1;2;2;2;1;2;2;2;1;2;2;2;1;2;2;1;1;2;2;1;2;1;2;2;1;1;2;1;1;2;1;2;2;2;1;1;2;1;2;1;2;2;1;1;1;1;1;2;2;2;1;2;2;2;1;2;1;1;2;2;1;2;
1610574309,192.168.1.214,52651,137.110.0.69,443,17,10067,10268,39,56,1610574309007;1610574309018;1610574309035;1610574309035;1610574309046;1610574309056;1610574309067;1610574309078;1610574309078;1610574309096;1610574309096;1610574309107;1610574309128;1610574309137;1610574309138;1610574309148;1610574309157;1610574309157;1610574309158;1610574309178;1610574309178;1610574309198;1610574309198;1610574309220;1610574309241;1610574309259;1610574309259;1610574309259;1610574309260;1610574309279;1610574309280;1610574309299;1610574309300;1610574309319;1610574309320;1610574309340;1610574309361;1610574309382;1610574309387;1610574309398;1610574309419;1610574309440;1610574309461;1610574309481;1610574309502;1610574309512;1610574309524;1610574309524;1610574309550;1610574309582;1610574309592;1610574309602;1610574309602;1610574309602;1610574309624;1610574309625;1610574309625;1610574309625;1610574309644;1610574309644;1610574309644;1610574309663;1610574309663;1610574309663;1610574309669;1610574309692;1610574309692;1610574309692;1610574309702;1610574309704;1610574309704;1610574309704;1610574309724;1610574309725;1610574309746;1610574309750;1610574309755;1610574309755;1610574309766;1610574309776;1610574309792;1610574309815;1610574309827;1610574309837;1610574309922;1610574309979;1610574309979;1610574309979;1610574309979;1610574309979;1610574309998;1610574309998;1610574309999;1610574309999;1610574309999;,365;339;187;190;326;194;318;161;328;192;192;330;343;187;347;162;192;190;361;190;359;191;349;330;321;188;191;188;320;191;327;195;327;185;321;318;326;336;161;224;228;226;224;223;237;175;144;175;106;189;161;193;192;188;175;191;191;190;189;187;189;185;195;188;151;193;195;198;151;194;189;190;193;175;193;161;188;175;144;190;106;189;175;193;175;194;201;189;107;163;107;193;107;189;184;,1;1;2;2;1;2;1;2;1;2;2;1;1;2;1;1;2;2;1;2;1;2;1;1;1;2;2;2;1;2;1;2;1;2;1;1;1;1;2;1;1;1;1;1;1;2;1;1;2;2;1;2;2;2;1;2;2;2;2;2;2;2;2;2;2;2;2;2;1;2;2;2;2;1;2;2;2;2;1;2;2;2;1;2;1;2;2;2;1;1;2;2;1;2;2;
1610574310,192.168.1.214,52651,137.110.0.69,443,17,10119,13349,42,55,1610574310005;1610574310017;1610574310020;1610574310020;1610574310038;1610574310038;1610574310038;1610574310059;1610574310079;1610574310100;1610574310111;1610574310119;1610574310119;1610574310120;1610574310138;1610574310148;1610574310148;1610574310166;1610574310180;1610574310201;1610574310223;1610574310223;1610574310244;1610574310261;1610574310282;1610574310292;1610574310301;1610574310302;1610574310322;1610574310323;1610574310344;1610574310345;1610574310366;1610574310388;1610574310408;1610574310419;1610574310439;1610574310446;1610574310479;1610574310500;1610574310521;1610574310543;1610574310565;1610574310586;1610574310596;1610574310597;1610574310597;1610574310598;1610574310598;1610574310598;1610574310617;1610574310617;1610574310617;1610574310628;1610574310637;1610574310637;1610574310637;1610574310649;1610574310657;1610574310657;1610574310657;1610574310668;1610574310677;1610574310677;1610574310677;1610574310688;1610574310699;1610574310699;1610574310700;1610574310700;1610574310705;1610574310716;1610574310716;1610574310728;1610574310737;1610574310748;1610574310753;1610574310764;1610574310777;1610574310788;1610574310798;1610574310799;1610574310821;1610574310840;1610574310840;1610574310840;1610574310840;1610574310859;1610574310859;1610574310879;1610574310899;1610574310899;1610574310909;1610574310920;1610574310940;1610574310961;1610574310982;,107;175;192;190;190;191;190;185;188;166;144;195;190;175;106;187;160;186;192;191;175;193;193;189;192;162;187;229;195;217;193;211;218;218;211;213;175;160;216;224;232;229;232;229;143;186;194;191;236;160;188;187;197;247;226;246;368;237;388;377;371;223;360;359;368;248;151;237;361;357;151;353;354;225;351;227;161;233;358;232;360;377;380;360;349;343;383;325;364;360;309;345;163;372;371;237;226;,2;1;2;2;2;2;2;2;2;2;1;2;2;1;2;2;2;2;2;2;1;2;2;2;2;1;2;1;2;1;2;1;1;1;1;1;1;2;1;1;1;1;1;1;2;2;2;2;1;1;2;2;2;1;2;2;2;1;2;2;2;1;2;2;2;1;1;1;2;2;2;2;2;1;2;1;2;1;2;1;2;1;1;2;2;2;1;2;1;1;2;1;1;1;1;1;1;
1610574311,192.168.1.214,52651,137.110.0.69,443,17,12956,12322,55,64,1610574311002;1610574311022;1610574311044;1610574311051;1610574311051;1610574311051;1610574311053;1610574311053;1610574311053;1610574311053;1610574311062;1610574311062;1610574311062;1610574311063;1610574311083;1610574311104;1610574311124;1610574311124;1610574311124;1610574311124;1610574311145;1610574311145;1610574311162;1610574311163;1610574311183;1610574311184;1610574311204;1610574311225;1610574311225;1610574311225;1610574311236;1610574311246;1610574311246;1610574311267;1610574311278;1610574311299;1610574311303;1610574311303;1610574311303;1610574311324;1610574311345;1610574311346;1610574311365;1610574311365;1610574311366;1610574311371;1610574311383;1610574311405;1610574311425;1610574311446;1610574311466;1610574311487;1610574311497;1610574311519;1610574311539;1610574311560;1610574311581;1610574311602;1610574311622;1610574311643;1610574311663;1610574311673;1610574311684;1610574311684;1610574311684;1610574311704;1610574311711;1610574311711;1610574311720;1610574311721;1610574311721;1610574311741;1610574311747;1610574311758;1610574311760;1610574311760;1610574311760;1610574311762;1610574311762;1610574311762;1610574311772;1610574311781;1610574311781;1610574311781;1610574311782;1610574311800;1610574311800;1610574311800;1610574311801;1610574311821;1610574311821;1610574311821;1610574311821;1610574311837;1610574311841;1610574311841;1610574311841;1610574311841;1610574311861;1610574311861;1610574311861;1610574311862;1610574311882;1610574311882;1610574311882;1610574311882;1610574311882;1610574311902;1610574311904;1610574311904;1610574311904;1610574311904;1610574311904;1610574311908;1610574311924;1610574311924;1610574311924;1610574311943;1610574311943;,223;342;339;303;311;318;310;308;221;161;213;210;207;232;363;363;207;206;203;244;224;208;207;374;357;197;356;230;193;190;161;188;228;240;232;231;189;188;188;234;219;188;189;193;348;161;343;351;321;207;208;200;195;197;190;204;211;216;212;215;208;161;222;281;268;212;106;106;144;151;217;218;151;220;195;191;192;175;106;161;144;186;195;189;222;186;190;184;224;184;188;187;229;106;193;190;189;225;187;194;191;231;107;218;191;189;192;175;107;189;187;191;107;107;192;189;190;191;190;,1;1;1;2;2;2;2;2;2;2;2;2;2;1;1;1;2;2;2;1;1;2;2;1;1;2;1;1;2;2;1;2;1;1;1;1;2;2;2;1;1;2;2;2;1;2;1;1;1;1;1;1;1;1;1;1;1;1;1;1;1;2;1;1;1;1;2;2;2;1;1;1;2;1;2;2;2;2;1;1;1;2;2;2;1;2;2;2;1;2;2;2;1;2;2;2;2;1;2;2;2;1;1;1;2;2;2;1;2;2;2;2;1;2;2;2;2;2;2;
1610574312,192.168.1.214,52651,137.110.0.69,443,17,5090,11106,24,58,1610574312005;1610574312031;1610574312045;1610574312045;1610574312097;1610574312104;1610574312104;1610574312104;1610574312115;1610574312124;1610574312124;1610574312124;1610574312124;1610574312125;1610574312135;1610574312135;1610574312156;1610574312177;1610574312198;1610574312220;1610574312220;1610574312239;1610574312257;1610574312276;1610574312297;1610574312321;1610574312321;1610574312324;1610574312339;1610574312359;1610574312380;1610574312400;1610574312420;1610574312420;1610574312430;1610574312440;1610574312461;1610574312502;1610574312606;1610574312633;1610574312703;1610574312703;1610574312703;1610574312716;1610574312723;1610574312723;1610574312723;1610574312724;1610574312724;1610574312743;1610574312743;1610574312743;1610574312762;1610574312762;1610574312762;1610574312783;1610574312783;1610574312783;1610574312783;1610574312803;1610574312803;1610574312803;1610574312804;1610574312824;1610574312824;1610574312846;1610574312864;1610574312864;1610574312865;1610574312884;1610574312885;1610574312905;1610574312905;1610574312926;1610574312930;1610574312935;1610574312935;1610574312945;1610574312955;1610574312966;1610574312987;1610574312996;,175;161;193;190;175;193;191;197;163;107;195;191;191;107;197;189;193;186;175;195;191;186;191;194;175;194;193;160;188;189;195;175;190;198;162;193;202;175;175;160;203;205;175;151;202;202;203;151;160;202;197;194;196;192;192;226;195;206;210;206;201;197;233;208;352;341;204;198;223;202;233;198;213;260;160;192;202;389;201;237;240;194;,1;2;2;2;1;2;2;2;1;2;2;2;2;1;2;2;2;2;1;2;2;2;2;2;1;2;2;2;2;2;2;1;2;2;1;2;2;1;1;2;2;2;1;2;2;2;2;1;1;2;2;2;2;2;2;1;2;2;2;2;2;2;1;2;1;1;2;2;1;2;1;2;1;1;2;2;2;1;2;1;1;2;
1610574313,192.168.1.214,52651,137.110.0.69,443,17,9579,11545,40,63,1610574313007;1610574313027;1610574313038;1610574313060;1610574313081;1610574313098;1610574313098;1610574313098;1610574313099;1610574313099;1610574313118;1610574313118;1610574313118;1610574313118;1610574313138;1610574313138;1610574313139;1610574313158;1610574313159;1610574313181;1610574313201;1610574313222;1610574313237;1610574313239;1610574313239;1610574313259;1610574313280;1610574313300;1610574313300;1610574313320;1610574313320;1610574313320;1610574313320;1610574313340;1610574313340;1610574313340;1610574313340;1610574313360;1610574313360;1610574313361;1610574313380;1610574313380;1610574313401;1610574313401;1610574313401;1610574313421;1610574313421;1610574313440;1610574313441;1610574313461;1610574313461;1610574313481;1610574313481;1610574313502;1610574313540;1610574313565;1610574313576;1610574313608;1610574313621;1610574313704;1610574313736;1610574313736;1610574313755;1610574313755;1610574313761;1610574313766;1610574313766;1610574313766;1610574313766;1610574313778;1610574313785;1610574313795;1610574313795;1610574313795;1610574313803;1610574313806;1610574313806;1610574313817;1610574313817;1610574313817;1610574313833;1610574313836;1610574313836;1610574313836;1610574313856;1610574313856;1610574313856;1610574313876;1610574313876;1610574313876;1610574313897;1610574313897;1610574313897;1610574313897;1610574313919;1610574313919;1610574313919;1610574313941;1610574313957;1610574313957;1610574313998;1610574313998;1610574313998;,384;380;369;363;356;202;210;205;352;162;196;193;191;344;190;191;341;189;338;332;366;394;161;190;252;247;246;190;231;197;193;187;229;191;190;187;224;189;191;223;192;224;186;221;162;189;209;188;213;188;224;190;224;175;161;162;144;175;106;175;107;151;107;107;107;175;171;212;106;144;151;190;192;186;106;160;175;191;190;187;160;185;192;194;187;190;192;189;189;194;192;194;194;175;187;187;194;191;193;195;189;197;175;,1;1;1;1;1;2;2;2;1;1;2;2;2;1;2;2;1;2;1;1;1;1;2;2;1;1;1;2;1;2;2;2;1;2;2;2;1;2;2;1;2;1;2;1;1;2;1;2;1;2;1;2;1;1;2;2;1;1;2;1;1;1;2;1;2;2;2;2;1;1;2;2;2;2;2;1;1;2;2;2;2;2;2;2;2;2;2;2;2;2;2;2;2;1;2;2;2;2;2;2;2;2;1;
1610574314,192.168.1.214,52651,137.110.0.69,443,17,10118,11218,35,56,1610574314008;1610574314019;1610574314047;1610574314059;1610574314059;1610574314101;1610574314160;1610574314160;1610574314161;1610574314162;1610574314181;1610574314182;1610574314182;1610574314201;1610574314202;1610574314222;1610574314222;1610574314230;1610574314242;1610574314262;1610574314282;1610574314302;1610574314303;1610574314324;1610574314344;1610574314345;1610574314364;1610574314372;1610574314372;1610574314385;1610574314396;1610574314404;1610574314405;1610574314444;1610574314444;1610574314465;1610574314465;1610574314475;1610574314475;1610574314495;1610574314505;1610574314515;1610574314531;1610574314542;1610574314557;1610574314557;1610574314568;1610574314579;1610574314600;1610574314621;1610574314642;1610574314662;1610574314683;1610574314705;1610574314726;1610574314746;1610574314746;1610574314767;1610574314778;1610574314779;1610574314791;1610574314793;1610574314800;1610574314800;1610574314800;1610574314801;1610574314820;1610574314820;1610574314820;1610574314821;1610574314840;1610574314840;1610574314840;1610574314841;1610574314847;1610574314861;1610574314861;1610574314861;1610574314882;1610574314901;1610574314901;1610574314901;1610574314902;1610574314922;1610574314922;1610574314922;1610574314922;1610574314941;1610574314942;1610574314963;1610574314985;,175;144;106;192;193;175;188;195;192;163;190;191;196;199;175;197;204;160;206;203;201;175;200;203;209;174;211;106;178;205;144;208;175;220;228;106;222;215;162;217;175;219;160;223;218;218;231;359;388;416;355;351;342;421;420;151;417;334;414;220;160;151;214;215;212;412;218;221;226;392;224;226;221;378;161;221;225;351;333;223;221;216;315;212;222;223;304;215;316;330;343;,2;1;2;2;2;1;2;2;2;1;2;2;2;2;1;2;2;2;2;2;2;1;2;2;2;1;2;2;2;2;1;2;1;2;2;2;2;2;1;2;1;2;2;1;2;2;1;1;1;1;1;1;1;1;1;1;1;1;1;2;1;2;2;2;2;1;2;2;2;1;2;2;2;1;2;2;2;1;1;2;2;2;1;2;2;2;1;2;1;1;1;
1610574315,192.168.1.214,52651,137.110.0.69,443,17,18721,11482,59,62,1610574315006;1610574315014;1610574315014;1610574315024;1610574315024;1610574315024;1610574315025;1610574315042;1610574315044;1610574315044;1610574315044;1610574315063;1610574315064;1610574315084;1610574315084;1610574315095;1610574315106;1610574315127;1610574315138;1610574315153;1610574315163;1610574315185;1610574315205;1610574315224;1610574315224;1610574315225;1610574315245;1610574315266;1610574315287;1610574315295;1610574315295;1610574315295;1610574315306;1610574315316;1610574315316;1610574315316;1610574315328;1610574315338;1610574315346;1610574315346;1610574315346;1610574315358;1610574315358;1610574315359;1610574315378;1610574315378;1610574315378;1610574315398;1610574315418;1610574315418;1610574315418;1610574315418;1610574315438;1610574315439;1610574315446;1610574315467;1610574315477;1610574315478;1610574315498;1610574315498;1610574315498;1610574315519;1610574315538;1610574315538;1610574315538;1610574315560;1610574315579;1610574315579;1610574315598;1610574315598;1610574315599;1610574315620;1610574315630;1610574315641;1610574315649;1610574315650;1610574315656;1610574315666;1610574315686;1610574315707;1610574315718;1610574315739;1610574315744;1610574315766;1610574315766;1610574315786;1610574315807;1610574315828;1610574315838;1610574315859;1610574315864;1610574315864;1610574315864;1610574315872;1610574315873;1610574315881;1610574315882;1610574315882;1610574315882;1610574315882;1610574315882;1610574315902;1610574315902;1610574315902;1610574315902;1610574315922;1610574315922;1610574315922;1610574315923;1610574315942;1610574315944;1610574315944;1610574315944;1610574315949;1610574315963;1610574315963;1610574315963;1610574315963;1610574315984;1610574315984;1610574315984;,332;175;144;213;221;223;351;106;207;190;341;190;239;192;356;163;385;394;402;161;391;362;335;195;193;319;325;336;344;194;187;192;333;193;196;199;314;314;191;193;194;192;194;345;189;189;382;407;191;192;396;161;194;376;161;363;189;372;193;191;366;369;189;191;362;371;191;352;195;192;327;331;107;334;107;107;107;361;353;366;356;363;161;151;347;351;341;323;310;298;143;193;195;151;161;191;107;192;190;304;107;195;192;195;318;188;191;196;338;361;194;192;194;136;196;192;194;376;194;194;392;,1;2;1;2;2;2;1;2;2;2;1;2;1;2;1;1;1;1;1;2;1;1;1;2;2;1;1;1;1;2;2;2;1;2;2;2;1;1;2;2;2;2;2;1;2;2;1;1;2;2;1;1;2;1;2;1;2;1;2;2;1;1;2;2;1;1;2;1;2;2;1;1;1;1;2;1;2;1;1;1;1;1;2;1;1;1;1;1;1;1;2;2;2;2;1;2;2;2;2;1;1;2;2;2;1;2;2;2;1;1;2;2;2;1;2;2;2;1;2;2;1;
1610574316,192.168.1.214,52651,137.110.0.69,443,17,18920,11485,61,63,1610574316004;1610574316004;1610574316024;1610574316024;1610574316044;1610574316044;1610574316054;1610574316064;1610574316064;1610574316071;1610574316084;1610574316085;1610574316106;1610574316127;1610574316138;1610574316159;1610574316181;1610574316202;1610574316223;1610574316244;1610574316256;1610574316257;1610574316268;1610574316277;1610574316277;1610574316277;1610574316278;1610574316297;1610574316297;1610574316297;1610574316297;1610574316317;1610574316317;1610574316317;1610574316318;1610574316338;1610574316340;1610574316340;1610574316340;1610574316345;1610574316367;1610574316378;1610574316399;1610574316400;1610574316400;1610574316420;1610574316420;1610574316421;1610574316442;1610574316463;1610574316484;1610574316502;1610574316502;1610574316512;1610574316522;1610574316522;1610574316522;1610574316522;1610574316522;1610574316540;1610574316540;1610574316541;1610574316550;1610574316561;1610574316581;1610574316582;1610574316582;1610574316603;1610574316603;1610574316603;1610574316623;1610574316644;1610574316644;1610574316645;1610574316651;1610574316662;1610574316682;1610574316685;1610574316702;1610574316703;1610574316724;1610574316730;1610574316734;1610574316744;1610574316764;1610574316765;1610574316765;1610574316765;1610574316771;1610574316775;1610574316785;1610574316806;1610574316817;1610574316827;1610574316846;1610574316847;1610574316868;1610574316879;1610574316888;1610574316896;1610574316896;1610574316896;1610574316896;1610574316906;1610574316917;1610574316917;1610574316917;1610574316928;1610574316938;1610574316938;1610574316938;1610574316939;1610574316954;1610574316959;1610574316959;1610574316959;1610574316960;1610574316977;1610574316977;1610574316977;1610574316978;1610574316997;1610574316997;1610574316997;,189;380;192;367;193;343;161;337;192;106;200;338;353;348;339;335;352;361;365;369;192;363;162;190;190;196;349;195;195;188;340;194;191;192;329;321;191;196;204;161;307;303;314;194;199;184;191;319;224;215;229;194;360;171;192;196;194;144;380;198;196;385;106;370;192;364;162;193;194;366;364;193;193;359;161;344;332;141;334;281;330;106;144;349;175;151;354;106;137;144;225;251;106;385;106;395;378;363;151;189;192;192;160;363;193;192;193;361;191;186;193;364;161;196;191;192;363;191;193;193;363;188;191;361;,2;1;2;1;2;1;2;1;2;2;2;1;1;1;1;1;1;1;1;1;2;1;1;2;2;2;1;2;2;2;1;2;2;2;1;1;2;2;2;2;1;1;1;2;2;2;2;1;1;1;1;2;1;2;2;2;2;1;1;2;2;1;2;1;2;1;1;2;2;1;1;2;2;1;2;1;1;1;1;1;1;2;2;1;2;1;1;1;2;1;1;1;1;1;2;1;1;1;2;2;2;2;1;1;2;2;2;1;2;2;2;1;2;2;2;2;1;2;2;2;1;2;2;1;
1610574316,192.168.1.157,9999,255.255.255.255,9999,17,57,0,1,0,1610574316545;,57;,1;
1610574317,192.168.1.214,52651,137.110.0.69,443,17,17101,10150,58,53,1610574317007;1610574317018;1610574317018;1610574317039;1610574317046;1610574317058;1610574317058;1610574317058;1610574317059;1610574317080;1610574317098;1610574317099;1610574317119;1610574317119;1610574317120;1610574317140;1610574317140;1610574317141;1610574317159;1610574317160;1610574317179;1610574317180;1610574317202;1610574317224;1610574317245;1610574317251;1610574317259;1610574317263;1610574317284;1610574317301;1610574317301;1610574317301;1610574317302;1610574317302;1610574317320;1610574317320;1610574317320;1610574317321;1610574317341;1610574317341;1610574317341;1610574317344;1610574317345;1610574317362;1610574317381;1610574317381;1610574317382;1610574317398;1610574317402;1610574317422;1610574317422;1610574317422;1610574317442;1610574317442;1610574317462;1610574317463;1610574317482;1610574317483;1610574317483;1610574317502;1610574317502;1610574317503;1610574317503;1610574317510;1610574317521;1610574317541;1610574317543;1610574317543;1610574317563;1610574317564;1610574317567;1610574317584;1610574317585;1610574317604;1610574317605;1610574317605;1610574317624;1610574317625;1610574317645;1610574317646;1610574317656;1610574317667;1610574317676;1610574317688;1610574317709;1610574317719;1610574317740;1610574317760;1610574317760;1610574317780;1610574317802;1610574317822;1610574317842;1610574317864;1610574317870;1610574317881;1610574317902;1610574317922;1610574317943;1610574317958;1610574317958;1610574317959;1610574317959;1610574317976;1610574317979;1610574317979;1610574317979;1610574317979;1610574317999;1610574317999;1610574317999;,175;144;355;362;106;192;193;195;361;370;191;366;195;191;380;191;192;383;189;369;191;345;342;341;346;161;323;333;346;192;188;234;346;163;240;356;320;346;196;196;334;106;301;341;189;189;344;106;344;187;185;345;187;362;187;370;189;107;380;107;190;107;365;107;377;370;191;192;190;371;161;195;359;197;348;162;188;352;353;190;196;356;196;341;345;339;329;151;207;209;206;210;217;212;161;220;222;223;233;190;193;228;160;151;187;192;190;175;198;190;194;,2;1;1;1;2;2;2;2;1;1;2;1;2;2;1;2;2;1;2;1;2;1;1;1;1;2;1;1;1;2;2;2;1;1;2;2;2;1;2;2;1;2;2;1;2;2;1;1;1;2;2;1;2;1;2;1;2;1;1;2;2;1;1;2;1;1;2;2;2;1;2;2;1;2;1;1;2;1;1;2;2;1;2;1;1;1;1;1;1;1;1;1;1;1;2;1;1;1;1;2;2;1;1;2;2;2;2;1;2;2;2;
1610574318,192.168.1.214,52651,137.110.0.69,443,17,2674,15131,16,64,1610574318009;1610574318019;1610574318020;1610574318020;1610574318020;1610574318041;1610574318041;1610574318041;1610574318044;1610574318059;1610574318059;1610574318059;1610574318080;1610574318080;1610574318080;1610574318081;1610574318119;1610574318139;1610574318139;1610574318160;1610574318181;1610574318181;1610574318201;1610574318207;1610574318225;1610574318241;1610574318261;1610574318271;1610574318281;1610574318282;1610574318301;1610574318322;1610574318342;1610574318362;1610574318383;1610574318403;1610574318403;1610574318423;1610574318444;1610574318464;1610574318484;1610574318485;1610574318504;1610574318511;1610574318515;1610574318535;1610574318556;1610574318575;1610574318586;1610574318586;1610574318596;1610574318617;1610574318657;1610574318657;1610574318689;1610574318697;1610574318697;1610574318717;1610574318737;1610574318758;1610574318768;1610574318779;1610574318779;1610574318779;1610574318779;1610574318795;1610574318805;1610574318856;1610574318860;1610574318880;1610574318880;1610574318880;1610574318881;1610574318881;1610574318900;1610574318900;1610574318920;1610574318940;1610574318982;1610574318982;,175;194;193;195;144;190;187;190;106;196;199;197;186;188;185;175;194;182;185;181;185;175;184;161;185;186;183;163;183;175;184;185;183;183;175;184;181;186;185;183;185;175;186;160;183;187;229;217;161;175;237;373;393;399;175;389;384;376;369;175;144;151;175;377;377;106;160;151;378;366;358;372;175;161;372;371;355;344;358;175;,2;2;2;2;1;2;2;2;2;2;2;2;2;2;2;1;2;2;2;2;2;1;2;2;2;2;2;1;2;1;2;2;2;2;1;2;2;2;2;2;2;1;2;2;2;2;2;2;1;1;2;2;2;2;1;2;2;2;2;2;1;1;1;2;2;2;2;2;2;2;2;2;1;1;2;2;2;2;2;1;
1610574319,192.168.1.214,52651,137.110.0.69,443,17,4018,19592,24,61,1610574319002;1610574319002;1610574319041;1610574319041;1610574319061;1610574319081;1610574319082;1610574319102;1610574319107;1610574319123;1610574319143;1610574319185;1610574319223;1610574319223;1610574319224;1610574319234;1610574319244;1610574319265;1610574319265;1610574319266;1610574319277;1610574319277;1610574319285;1610574319285;1610574319285;1610574319297;1610574319302;1610574319340;1610574319361;1610574319361;1610574319382;1610574319382;1610574319397;1610574319397;1610574319397;1610574319408;1610574319408;1610574319416;1610574319416;1610574319436;1610574319457;1610574319478;1610574319483;1610574319498;1610574319518;1610574319559;1610574319559;1610574319570;1610574319580;1610574319581;1610574319600;1610574319631;1610574319631;1610574319640;1610574319640;1610574319680;1610574319680;1610574319681;1610574319700;1610574319721;1610574319761;1610574319761;1610574319781;1610574319782;1610574319782;1610574319802;1610574319807;1610574319813;1610574319822;1610574319843;1610574319864;1610574319884;1610574319884;1610574319885;1610574319885;1610574319904;1610574319905;1610574319924;1610574319925;1610574319946;1610574319965;1610574319966;1610574319966;1610574319984;1610574319985;,365;386;389;390;398;401;175;406;160;349;364;175;356;418;384;162;351;171;212;106;144;175;342;331;323;315;106;317;323;334;107;175;107;347;107;107;160;352;365;364;364;175;357;364;343;322;316;162;346;175;374;107;107;387;370;354;346;175;354;361;356;349;346;151;175;344;160;151;345;352;210;354;357;199;161;363;202;360;202;195;352;200;334;311;203;,2;2;2;2;2;2;1;2;2;2;2;1;2;2;2;1;2;2;2;1;1;1;2;2;2;2;2;2;2;2;1;1;2;2;1;2;2;2;2;2;2;1;2;2;2;2;2;1;2;1;2;2;1;2;2;2;2;1;2;2;2;2;2;1;1;2;2;2;2;2;1;2;2;1;1;2;1;2;1;1;2;1;2;2;1;
1610574320,192.168.1.214,52651,137.110.0.69,443,17,10954,18264,55,62,1610574320004;1610574320005;1610574320024;1610574320026;1610574320035;1610574320045;1610574320055;1610574320066;1610574320075;1610574320086;1610574320106;1610574320113;1610574320124;1610574320136;1610574320136;1610574320146;1610574320157;1610574320157;1610574320177;1610574320177;1610574320187;1610574320197;1610574320217;1610574320218;1610574320228;1610574320237;1610574320237;1610574320238;1610574320258;1610574320258;1610574320258;1610574320269;1610574320278;1610574320278;1610574320294;1610574320298;1610574320299;1610574320319;1610574320339;1610574320339;1610574320358;1610574320359;1610574320359;1610574320380;1610574320381;1610574320399;1610574320400;1610574320420;1610574320420;1610574320428;1610574320439;1610574320439;1610574320460;1610574320481;1610574320485;1610574320485;1610574320500;1610574320501;1610574320511;1610574320521;1610574320521;1610574320521;1610574320532;1610574320532;1610574320541;1610574320541;1610574320552;1610574320557;1610574320561;1610574320561;1610574320562;1610574320584;1610574320602;1610574320602;1610574320603;1610574320605;1610574320624;1610574320642;1610574320642;1610574320643;1610574320664;1610574320682;1610574320682;1610574320683;1610574320703;1610574320704;1610574320723;1610574320724;1610574320729;1610574320740;1610574320744;1610574320764;1610574320764;1610574320784;1610574320785;1610574320804;1610574320805;1610574320805;1610574320825;1610574320825;1610574320836;1610574320837;1610574320837;1610574320846;1610574320867;1610574320877;1610574320877;1610574320877;1610574320877;1610574320899;1610574320916;1610574320976;1610574320976;1610574320976;1610574320996;1610574320996;1610574320997;,282;199;190;203;185;201;188;207;191;202;204;161;203;189;193;196;188;202;199;204;201;201;205;196;162;212;211;196;175;262;199;144;384;204;106;346;205;202;383;197;391;202;388;193;365;342;214;200;335;161;203;408;206;205;395;398;403;202;175;396;144;199;161;408;376;203;106;106;144;363;205;200;358;359;204;106;196;362;364;206;209;360;344;203;340;208;341;203;161;201;365;376;203;379;205;372;151;207;363;221;161;151;220;377;217;395;143;404;214;175;383;362;368;379;384;368;175;,2;1;2;1;2;1;2;1;2;1;1;2;1;2;2;1;2;1;2;2;1;1;2;1;1;2;2;1;2;2;1;1;2;1;2;2;1;1;2;1;2;1;2;1;2;2;1;1;2;2;1;2;1;1;2;2;2;1;2;2;1;1;1;1;2;1;2;2;2;2;1;1;2;2;1;1;1;2;2;1;1;2;2;1;2;1;2;1;2;1;2;2;1;2;1;2;1;1;2;1;1;2;1;2;1;2;2;2;1;1;2;2;2;2;2;2;1;
1610574321,192.168.1.214,52651,137.110.0.69,443,17,2955,18343,18,60,1610574321017;1610574321024;1610574321037;1610574321057;1610574321078;1610574321100;1610574321118;1610574321118;1610574321138;1610574321149;1610574321159;1610574321179;1610574321199;1610574321200;1610574321231;1610574321231;1610574321231;1610574321240;1610574321240;1610574321249;1610574321250;1610574321259;1610574321284;1610574321284;1610574321298;1610574321305;1610574321321;1610574321321;1610574321341;1610574321342;1610574321362;1610574321399;1610574321400;1610574321403;1610574321423;1610574321464;1610574321464;1610574321474;1610574321483;1610574321504;1610574321504;1610574321526;1610574321545;1610574321565;1610574321585;1610574321596;1610574321597;1610574321616;1610574321624;1610574321636;1610574321676;1610574321676;1610574321696;1610574321697;1610574321716;1610574321756;1610574321756;1610574321800;1610574321801;1610574321801;1610574321801;1610574321817;1610574321818;1610574321826;1610574321828;1610574321839;1610574321859;1610574321859;1610574321879;1610574321879;1610574321881;1610574321900;1610574321920;1610574321920;1610574321930;1610574321939;1610574321959;1610574321980;,352;161;330;321;319;175;334;342;344;161;342;347;347;175;166;107;144;358;361;107;107;107;375;368;106;175;367;354;160;357;371;381;175;376;353;345;343;161;351;175;351;377;370;359;336;337;175;346;160;341;352;341;315;175;280;281;209;335;175;281;162;364;151;106;144;380;151;364;347;339;106;175;318;301;160;314;341;379;,2;2;2;2;2;1;2;2;2;1;2;2;2;1;2;1;1;2;2;2;1;2;2;2;2;1;2;2;2;2;2;2;1;2;2;2;2;1;2;1;2;2;2;2;2;2;1;2;2;2;2;2;2;1;2;2;2;2;1;1;1;2;1;2;2;2;2;2;2;2;1;1;2;2;2;2;2;2;
1610574322,192.168.1.214,52651,137.110.0.69,443,17,11409,16969,45,60,1610574322002;1610574322021;1610574322021;1610574322041;1610574322061;1610574322081;1610574322102;1610574322103;1610574322112;1610574322123;1610574322143;1610574322162;1610574322183;1610574322203;1610574322203;1610574322223;1610574322224;1610574322230;1610574322240;1610574322243;1610574322264;1610574322264;1610574322274;1610574322283;1610574322283;1610574322284;1610574322304;1610574322304;1610574322326;1610574322340;1610574322344;1610574322344;1610574322344;1610574322365;1610574322365;1610574322378;1610574322378;1610574322399;1610574322416;1610574322416;1610574322426;1610574322427;1610574322436;1610574322447;1610574322456;1610574322467;1610574322476;1610574322488;1610574322499;1610574322506;1610574322516;1610574322517;1610574322517;1610574322528;1610574322534;1610574322536;1610574322541;1610574322547;1610574322557;1610574322577;1610574322640;1610574322658;1610574322658;1610574322658;1610574322659;1610574322679;1610574322680;1610574322699;1610574322699;1610574322700;1610574322720;1610574322722;1610574322733;1610574322740;1610574322740;1610574322760;1610574322760;1610574322761;1610574322761;1610574322780;1610574322781;1610574322787;1610574322800;1610574322801;1610574322820;1610574322821;1610574322841;1610574322841;1610574322842;1610574322848;1610574322859;1610574322861;1610574322879;1610574322880;1610574322900;1610574322901;1610574322901;1610574322921;1610574322922;1610574322941;1610574322942;1610574322962;1610574322962;1610574322982;1610574322984;,175;394;391;369;326;320;335;175;161;354;354;339;341;378;218;378;228;160;343;375;232;175;144;338;339;241;354;244;244;106;362;366;227;368;233;368;250;228;365;369;161;228;379;370;394;379;389;226;224;175;144;382;377;220;161;377;106;175;357;357;238;374;364;331;220;273;230;193;189;206;226;190;161;193;229;175;193;144;214;203;244;106;204;380;214;414;204;151;335;161;417;206;151;339;347;208;205;217;343;216;348;212;341;412;209;,1;2;2;2;2;2;2;1;1;2;2;2;2;2;1;2;1;2;1;2;1;2;1;2;2;1;2;1;1;2;2;2;1;2;1;2;1;1;2;2;1;1;2;1;2;1;2;1;1;2;1;2;2;1;2;2;2;1;2;2;1;2;2;2;1;2;1;2;2;1;1;2;1;2;1;2;2;1;1;2;1;2;2;1;2;1;2;1;1;2;1;2;2;1;1;2;2;2;1;2;1;2;1;1;2;
1610574323,192.168.1.214,52651,137.110.0.69,443,17,19120,10958,61,61,1610574323002;1610574323003;1610574323012;1610574323012;1610574323012;1610574323013;1610574323022;1610574323023;1610574323023;1610574323038;1610574323042;1610574323043;1610574323063;1610574323063;1610574323083;1610574323084;1610574323104;1610574323104;1610574323124;1610574323124;1610574323134;1610574323144;1610574323144;1610574323149;1610574323154;1610574323155;1610574323159;1610574323160;1610574323164;1610574323175;1610574323186;1610574323196;1610574323206;1610574323215;1610574323227;1610574323236;1610574323236;1610574323246;1610574323256;1610574323256;1610574323265;1610574323267;1610574323277;1610574323277;1610574323297;1610574323319;1610574323326;1610574323326;1610574323337;1610574323337;1610574323337;1610574323368;1610574323377;1610574323378;1610574323378;1610574323378;1610574323399;1610574323399;1610574323399;1610574323420;1610574323440;1610574323440;1610574323440;1610574323449;1610574323460;1610574323460;1610574323480;1610574323480;1610574323500;1610574323500;1610574323520;1610574323520;1610574323540;1610574323540;1610574323561;1610574323561;1610574323580;1610574323581;1610574323601;1610574323622;1610574323643;1610574323661;1610574323661;1610574323661;1610574323661;1610574323662;1610574323662;1610574323673;1610574323682;1610574323682;1610574323682;1610574323687;1610574323702;1610574323703;1610574323722;1610574323722;1610574323742;1610574323742;1610574323748;1610574323759;1610574323762;1610574323783;1610574323783;1610574323803;1610574323804;1610574323824;1610574323824;1610574323844;1610574323844;1610574323864;1610574323864;1610574323864;1610574323886;1610574323895;1610574323903;1610574323904;1610574323915;1610574323915;1610574323925;1610574323945;1610574323966;1610574323986;,206;379;175;171;106;144;207;363;161;106;214;353;214;361;211;381;205;405;203;405;107;192;388;161;107;107;107;374;199;193;360;201;354;192;339;190;144;349;184;181;106;339;184;326;325;345;191;191;161;183;229;229;107;107;233;188;187;187;377;389;193;190;400;161;187;402;188;411;189;412;189;398;194;379;190;351;195;334;322;333;347;162;185;188;184;144;370;161;191;187;379;106;182;361;197;336;189;311;161;327;193;179;349;180;366;182;362;187;348;183;151;353;359;184;151;351;185;183;337;331;344;351;,2;1;2;2;1;1;2;1;1;2;2;1;2;1;2;1;2;1;2;1;1;2;1;2;2;1;2;1;2;2;1;2;1;2;1;2;1;1;2;2;2;1;2;1;1;1;2;2;1;2;1;1;2;1;1;2;2;2;1;1;2;2;1;2;2;1;2;1;2;1;2;1;2;1;2;1;2;1;1;1;1;2;2;2;2;1;1;1;2;2;1;2;2;1;2;1;2;1;2;1;2;2;1;2;1;2;1;2;1;2;1;1;1;2;2;1;2;2;1;1;1;1;
1610574324,192.168.1.214,52651,137.110.0.69,443,17,15710,9218,57,52,1610574324006;1610574324026;1610574324047;1610574324051;1610574324062;1610574324082;1610574324104;1610574324126;1610574324146;1610574324166;1610574324188;1610574324199;1610574324219;1610574324239;1610574324260;1610574324281;1610574324302;1610574324322;1610574324343;1610574324361;1610574324361;1610574324361;1610574324362;1610574324362;1610574324373;1610574324381;1610574324381;1610574324381;1610574324382;1610574324401;1610574324401;1610574324401;1610574324402;1610574324421;1610574324421;1610574324421;1610574324422;1610574324441;1610574324441;1610574324441;1610574324442;1610574324462;1610574324462;1610574324462;1610574324463;1610574324482;1610574324482;1610574324482;1610574324483;1610574324503;1610574324503;1610574324503;1610574324504;1610574324523;1610574324523;1610574324523;1610574324524;1610574324543;1610574324543;1610574324543;1610574324563;1610574324583;1610574324604;1610574324624;1610574324645;1610574324666;1610574324672;1610574324682;1610574324702;1610574324723;1610574324744;1610574324756;1610574324768;1610574324768;1610574324779;1610574324794;1610574324801;1610574324822;1610574324843;1610574324864;1610574324886;1610574324886;1610574324906;1610574324910;1610574324918;1610574324918;1610574324918;1610574324919;1610574324919;1610574324938;1610574324938;1610574324938;1610574324939;1610574324959;1610574324962;1610574324962;1610574324962;1610574324979;1610574324979;1610574324979;1610574324980;1610574324980;1610574324984;1610574324999;1610574324999;1610574324999;1610574324999;1610574324999;1610574324999;,354;368;362;161;357;346;342;340;314;301;314;331;350;336;349;361;369;362;347;183;184;181;356;162;161;186;187;187;359;188;183;177;364;179;178;177;360;179;188;186;348;175;175;177;337;177;175;184;315;176;180;184;304;190;191;193;291;190;185;309;313;210;210;215;218;217;161;209;210;213;211;175;144;227;239;106;234;218;214;206;151;206;207;151;188;184;184;175;163;181;181;181;206;241;185;181;184;183;176;182;107;340;161;107;185;182;183;107;391;,1;1;1;2;1;1;1;1;1;1;1;1;1;1;1;1;1;1;1;2;2;2;1;1;2;2;2;2;1;2;2;2;1;2;2;2;1;2;2;2;1;2;2;2;1;2;2;2;1;2;2;2;1;2;2;2;1;2;2;1;1;1;1;1;1;1;2;1;1;1;1;2;1;1;1;2;1;1;1;1;1;1;1;2;2;2;2;1;1;2;2;2;1;1;2;2;2;2;2;2;1;1;2;2;2;2;2;1;1;
1610574325,192.168.1.214,52651,137.110.0.69,443,17,4674,15055,25,65,1610574325006;1610574325017;1610574325019;1610574325019;1610574325019;1610574325039;1610574325039;1610574325039;1610574325039;1610574325060;1610574325060;1610574325060;1610574325060;1610574325080;1610574325080;1610574325080;1610574325080;1610574325100;1610574325100;1610574325100;1610574325121;1610574325143;1610574325164;1610574325186;1610574325207;1610574325218;1610574325323;1610574325348;1610574325384;1610574325384;1610574325395;1610574325407;1610574325407;1610574325407;1610574325425;1610574325425;1610574325425;1610574325426;1610574325445;1610574325445;1610574325446;1610574325456;1610574325456;1610574325456;1610574325476;1610574325476;1610574325476;1610574325496;1610574325496;1610574325496;1610574325518;1610574325557;1610574325557;1610574325557;1610574325576;1610574325576;1610574325617;1610574325618;1610574325642;1610574325726;1610574325758;1610574325758;1610574325759;1610574325759;1610574325759;1610574325759;1610574325797;1610574325812;1610574325822;1610574325852;1610574325900;1610574325900;1610574325900;1610574325901;1610574325901;1610574325921;1610574325921;1610574325922;1610574325922;1610574325922;1610574325942;1610574325942;1610574325942;1610574325947;1610574325962;1610574325962;1610574325962;1610574325982;1610574325982;1610574325982;,107;380;184;183;186;187;183;174;215;217;175;174;176;174;174;175;217;175;174;208;203;208;211;216;222;175;175;161;176;174;163;177;177;177;175;174;174;175;174;176;174;176;175;175;174;176;186;185;188;189;175;230;286;420;394;343;413;175;160;175;175;171;106;212;144;106;106;144;175;106;387;382;143;151;163;151;175;409;356;340;419;398;390;160;377;364;362;355;374;358;,2;1;2;2;2;2;2;2;1;1;2;2;2;2;2;2;1;2;2;1;1;1;1;1;1;1;1;2;2;2;1;2;2;2;2;2;2;1;2;2;2;2;2;2;2;2;2;2;2;2;1;2;2;2;2;2;2;1;2;1;2;2;1;2;1;1;2;1;1;2;2;2;2;1;1;2;1;2;2;2;2;2;2;2;2;2;2;2;2;2;
1610574326,192.168.1.214,52651,137.110.0.69,443,17,2987,17258,18,60,1610574326002;1610574326002;1610574326002;1610574326022;1610574326022;1610574326022;1610574326023;1610574326042;1610574326042;1610574326083;1610574326103;1610574326103;1610574326123;1610574326123;1610574326143;1610574326218;1610574326243;1610574326328;1610574326358;1610574326358;1610574326368;1610574326377;1610574326377;1610574326377;1610574326398;1610574326398;1610574326398;1610574326419;1610574326419;1610574326419;1610574326419;1610574326446;1610574326446;1610574326446;1610574326459;1610574326459;1610574326479;1610574326500;1610574326519;1610574326520;1610574326555;1610574326560;1610574326581;1610574326581;1610574326622;1610574326622;1610574326622;1610574326661;1610574326661;1610574326672;1610574326726;1610574326822;1610574326822;1610574326848;1610574326853;1610574326855;1610574326887;1610574326900;1610574326904;1610574326905;1610574326916;1610574326926;1610574326926;1610574326926;1610574326931;1610574326937;1610574326937;1610574326937;1610574326957;1610574326957;1610574326957;1610574326976;1610574326976;1610574326976;1610574326976;1610574326995;1610574326995;1610574326995;,348;324;356;386;389;351;175;328;317;313;327;343;354;175;381;175;160;175;379;377;163;339;321;299;320;349;365;345;330;343;175;357;372;369;365;372;375;373;356;175;160;341;335;340;357;344;175;321;298;162;175;175;280;160;106;144;107;106;107;107;107;271;151;175;151;191;193;189;193;188;185;202;197;202;161;192;200;201;,2;2;2;2;2;2;1;2;2;2;2;2;2;1;2;1;2;1;2;2;1;2;2;2;2;2;2;2;2;2;1;2;2;2;2;2;2;2;2;1;2;2;2;2;2;2;1;2;2;1;1;1;1;2;2;2;1;1;2;1;2;2;1;1;2;2;2;2;2;2;2;2;2;2;1;2;2;2;
1610574327,192.168.1.214,52651,137.110.0.69,443,17,11575,10142,40,52,1610574327007;1610574327016;1610574327016;1610574327016;1610574327017;1610574327017;1610574327036;1610574327036;1610574327057;1610574327057;1610574327089;1610574327089;1610574327097;1610574327117;1610574327118;1610574327128;1610574327128;1610574327138;1610574327139;1610574327145;1610574327158;1610574327164;1610574327164;1610574327179;1610574327190;1610574327220;1610574327255;1610574327325;1610574327420;1610574327421;1610574327421;1610574327421;1610574327432;1610574327441;1610574327441;1610574327441;1610574327446;1610574327461;1610574327461;1610574327461;1610574327462;1610574327481;1610574327481;1610574327481;1610574327482;1610574327501;1610574327501;1610574327501;1610574327502;1610574327521;1610574327522;1610574327542;1610574327542;1610574327542;1610574327562;1610574327563;1610574327584;1610574327603;1610574327603;1610574327604;1610574327623;1610574327624;1610574327644;1610574327644;1610574327664;1610574327664;1610574327684;1610574327685;1610574327706;1610574327725;1610574327726;1610574327736;1610574327746;1610574327753;1610574327756;1610574327767;1610574327767;1610574327788;1610574327795;1610574327799;1610574327820;1610574327840;1610574327862;1610574327882;1610574327903;1610574327924;1610574327924;1610574327938;1610574327938;1610574327938;1610574327959;1610574327980;,175;206;203;213;144;175;212;213;208;220;209;106;220;218;175;107;107;216;174;160;221;106;178;216;144;175;106;175;175;214;218;219;162;223;221;227;160;224;206;200;212;209;196;207;232;202;200;205;262;411;201;333;201;197;207;415;406;201;207;395;205;396;207;400;207;401;202;381;358;207;344;163;328;161;175;144;331;333;106;351;358;362;345;345;334;151;359;204;210;376;378;365;,2;2;2;2;1;1;2;2;2;2;2;2;2;2;1;2;1;2;1;2;2;2;2;2;1;1;2;1;1;2;2;2;1;2;2;2;2;2;2;2;1;2;2;2;1;2;2;2;1;1;2;1;2;2;2;1;1;2;2;1;2;1;2;1;2;1;2;1;1;2;1;1;1;2;2;1;1;1;2;1;1;1;1;1;1;1;1;2;2;1;1;1;
1610574328,192.168.1.214,52651,137.110.0.69,443,17,16733,12686,59,65,1610574328001;1610574328009;1610574328010;1610574328020;1610574328037;1610574328041;1610574328051;1610574328055;1610574328059;1610574328059;1610574328059;1610574328059;1610574328059;1610574328080;1610574328080;1610574328080;1610574328080;1610574328101;1610574328101;1610574328101;1610574328102;1610574328119;1610574328119;1610574328119;1610574328120;1610574328139;1610574328139;1610574328139;1610574328141;1610574328160;1610574328160;1610574328160;1610574328161;1610574328181;1610574328181;1610574328181;1610574328181;1610574328203;1610574328221;1610574328221;1610574328221;1610574328221;1610574328243;1610574328263;1610574328284;1610574328293;1610574328293;1610574328304;1610574328319;1610574328324;1610574328345;1610574328365;1610574328374;1610574328385;1610574328407;1610574328427;1610574328437;1610574328458;1610574328465;1610574328465;1610574328465;1610574328476;1610574328484;1610574328484;1610574328484;1610574328484;1610574328505;1610574328505;1610574328505;1610574328505;1610574328515;1610574328516;1610574328524;1610574328524;1610574328524;1610574328525;1610574328535;1610574328535;1610574328535;1610574328541;1610574328546;1610574328555;1610574328565;1610574328575;1610574328575;1610574328586;1610574328596;1610574328617;1610574328636;1610574328636;1610574328636;1610574328647;1610574328656;1610574328667;1610574328672;1610574328677;1610574328677;1610574328697;1610574328697;1610574328719;1610574328738;1610574328738;1610574328738;1610574328738;1610574328748;1610574328749;1610574328758;1610574328758;1610574328764;1610574328765;1610574328786;1610574328790;1610574328798;1610574328819;1610574328840;1610574328861;1610574328882;1610574328902;1610574328924;1610574328944;1610574328945;1610574328965;1610574328980;1610574328980;,343;175;144;338;106;335;151;161;207;214;200;341;160;201;200;199;354;197;194;197;356;195;196;200;353;200;204;190;347;198;199;192;345;191;191;191;344;350;195;192;358;189;377;382;379;190;144;356;106;348;337;344;161;354;374;379;370;345;194;196;193;162;191;192;194;322;304;192;187;190;171;144;193;190;195;304;210;234;336;106;303;383;303;364;339;309;306;303;277;194;191;317;196;344;161;192;229;192;229;236;195;200;107;242;107;107;175;243;107;144;250;106;251;269;245;241;230;241;231;151;232;236;161;241;,1;2;1;1;2;1;2;2;2;2;2;1;1;2;2;2;1;2;2;2;1;2;2;2;1;2;2;2;1;2;2;2;1;2;2;2;1;1;2;2;1;2;1;1;1;2;1;1;2;1;1;1;2;1;1;1;1;1;2;2;2;1;2;2;2;1;1;2;2;2;2;1;2;2;2;1;2;2;2;2;1;2;1;2;2;1;1;1;2;2;2;1;2;1;2;2;1;2;1;1;2;2;1;1;2;1;2;1;2;1;1;2;1;1;1;1;1;1;1;1;1;1;2;1;
1610574329,192.168.1.214,52651,137.110.0.69,443,17,12345,12378,53,63,1610574329001;1610574329011;1610574329012;1610574329023;1610574329023;1610574329023;1610574329023;1610574329023;1610574329034;1610574329041;1610574329041;1610574329041;1610574329042;1610574329049;1610574329061;1610574329061;1610574329061;1610574329062;1610574329082;1610574329083;1610574329083;1610574329083;1610574329104;1610574329107;1610574329107;1610574329107;1610574329119;1610574329123;1610574329123;1610574329123;1610574329142;1610574329142;1610574329143;1610574329164;1610574329183;1610574329184;1610574329203;1610574329203;1610574329203;1610574329224;1610574329228;1610574329239;1610574329245;1610574329265;1610574329266;1610574329266;1610574329276;1610574329285;1610574329285;1610574329292;1610574329302;1610574329302;1610574329324;1610574329345;1610574329367;1610574329377;1610574329399;1610574329420;1610574329442;1610574329462;1610574329483;1610574329503;1610574329517;1610574329517;1610574329517;1610574329518;1610574329518;1610574329537;1610574329537;1610574329537;1610574329537;1610574329557;1610574329557;1610574329557;1610574329558;1610574329579;1610574329579;1610574329579;1610574329579;1610574329583;1610574329599;1610574329599;1610574329599;1610574329599;1610574329618;1610574329618;1610574329619;1610574329639;1610574329640;1610574329661;1610574329679;1610574329679;1610574329680;1610574329699;1610574329700;1610574329720;1610574329742;1610574329761;1610574329761;1610574329761;1610574329761;1610574329762;1610574329762;1610574329784;1610574329789;1610574329804;1610574329804;1610574329804;1610574329825;1610574329846;1610574329868;1610574329878;1610574329897;1610574329897;1610574329919;1610574329960;,249;175;151;196;206;234;144;244;163;251;354;322;238;106;289;207;200;242;246;269;193;194;255;195;195;194;244;195;190;191;189;197;240;234;199;239;198;185;250;260;196;251;199;175;254;200;144;194;251;161;106;243;238;239;237;248;248;251;245;239;244;229;194;193;195;234;163;196;193;193;237;193;195;194;246;194;194;192;233;161;197;201;193;231;197;198;238;229;199;226;191;199;233;192;230;230;356;175;198;192;196;144;260;387;106;195;195;222;223;228;221;216;161;223;175;151;,1;2;2;2;2;2;1;1;1;2;2;2;1;2;2;2;2;1;1;2;2;2;1;2;2;2;1;2;2;2;2;2;1;1;2;1;2;2;1;1;2;1;2;2;1;2;1;2;1;2;2;1;1;1;1;1;1;1;1;1;1;1;2;2;2;1;1;2;2;2;1;2;2;2;1;2;2;2;1;2;2;2;2;1;2;2;1;1;2;1;2;2;1;2;1;1;1;2;2;2;2;1;1;1;2;2;2;1;1;1;1;1;2;1;1;1;
1610574329,192.168.1.214,65293,137.110.0.69,443,6,77,40,1,1,1610574329302;1610574329323;,77;40;,1;2;
1610574330,192.168.1.214,52651,137.110.0.69,443,17,11650,3184,44,19,1610574330023;1610574330028;1610574330043;1610574330043;1610574330043;1610574330054;1610574330064;1610574330064;1610574330064;1610574330084;1610574330084;1610574330084;1610574330105;1610574330126;1610574330220;1610574330245;1610574330298;1610574330319;1610574330341;1610574330362;1610574330382;1610574330402;1610574330423;1610574330445;1610574330466;1610574330486;1610574330497;1610574330510;1610574330511;1610574330520;1610574330542;1610574330543;1610574330549;1610574330559;1610574330582;1610574330603;1610574330624;1610574330634;1610574330644;1610574330653;1610574330653;1610574330661;1610574330662;1610574330682;1610574330704;1610574330726;1610574330746;1610574330756;1610574330777;1610574330799;1610574330819;1610574330841;1610574330846;1610574330857;1610574330875;1610574330875;1610574330886;1610574330907;1610574330918;1610574330938;1610574330959;1610574330980;1610574330980;,175;151;192;196;196;163;191;199;193;198;200;190;194;175;175;160;229;225;221;224;216;213;224;232;385;413;336;175;144;335;342;106;161;338;416;394;365;107;360;107;107;107;345;222;217;220;218;221;243;235;257;411;161;414;107;107;400;368;351;320;219;151;217;,1;2;2;2;2;1;2;2;2;2;2;2;2;1;1;2;1;1;1;1;1;1;1;1;1;1;1;2;1;1;1;2;2;1;1;1;1;1;1;2;1;2;1;1;1;1;1;1;1;1;1;1;2;1;2;1;1;1;1;1;1;1;1;
1610574331,192.168.1.214,52651,137.110.0.69,443,17,18176,1784,59,12,1610574331001;1610574331021;1610574331043;1610574331063;1610574331083;1610574331105;1610574331126;1610574331146;1610574331153;1610574331164;1610574331185;1610574331206;1610574331217;1610574331237;1610574331258;1610574331261;1610574331261;1610574331261;1610574331262;1610574331262;1610574331282;1610574331290;1610574331304;1610574331309;1610574331314;1610574331325;1610574331345;1610574331348;1610574331365;1610574331386;1610574331406;1610574331417;1610574331438;1610574331459;1610574331467;1610574331488;1610574331498;1610574331514;1610574331524;1610574331524;1610574331544;1610574331555;1610574331566;1610574331586;1610574331607;1610574331617;1610574331638;1610574331659;1610574331680;1610574331701;1610574331721;1610574331742;1610574331764;1610574331768;1610574331779;1610574331800;1610574331821;1610574331821;1610574331842;1610574331848;1610574331848;1610574331860;1610574331881;1610574331902;1610574331903;1610574331923;1610574331944;1610574331966;1610574331986;1610574331997;1610574331997;,217;240;383;355;360;351;419;388;161;376;391;399;397;387;366;175;171;212;106;144;372;106;373;106;144;387;374;106;356;360;364;368;346;330;161;315;310;175;144;302;308;106;339;349;215;324;333;348;365;356;353;341;378;161;379;212;333;282;336;106;144;358;373;233;106;229;234;229;244;151;238;,1;1;1;1;1;1;1;1;2;1;1;1;1;1;1;2;2;2;1;1;1;2;1;1;1;1;1;2;1;1;1;1;1;1;2;1;1;2;1;1;1;2;1;1;1;1;1;1;1;1;1;1;1;2;1;1;1;1;1;2;2;1;1;1;1;1;1;1;1;1;1;
1610574332,192.168.1.214,52651,137.110.0.69,443,17,6299,1249,30,9,1610574332009;1610574332010;1610574332020;1610574332041;1610574332063;1610574332075;1610574332084;1610574332090;1610574332101;1610574332122;1610574332143;1610574332164;1610574332186;1610574332206;1610574332227;1610574332248;1610574332258;1610574332279;1610574332300;1610574332321;1610574332334;1610574332345;1610574332345;1610574332365;1610574332372;1610574332387;1610574332391;1610574332402;1610574332424;1610574332485;1610574332497;1610574332497;1610574332511;1610574332522;1610574332626;1610574332719;1610574332745;1610574332819;1610574332925;,175;144;234;239;245;106;248;161;237;237;234;233;240;237;240;239;236;229;232;230;166;144;236;239;106;237;161;245;175;107;107;107;107;175;175;175;160;175;175;,2;1;1;1;1;2;1;2;1;1;1;1;1;1;1;1;1;1;1;1;2;1;1;1;2;1;2;1;1;1;2;1;2;1;1;1;2;1;1;
1610574333,192.168.1.214,52651,137.110.0.69,443,17,2498,1173,15,8,1610574333008;1610574333018;1610574333050;1610574333122;1610574333227;1610574333312;1610574333322;1610574333339;1610574333346;1610574333348;1610574333399;1610574333421;1610574333526;1610574333620;1610574333724;1610574333750;1610574333762;1610574333762;1610574333762;1610574333772;1610574333825;1610574333838;1610574333917;,151;175;160;175;175;241;175;106;144;160;106;175;175;175;175;160;175;162;106;144;175;106;175;,1;1;2;1;1;1;1;2;2;2;1;1;1;1;1;2;2;2;1;1;1;2;1;
1610574334,192.168.1.214,52651,137.110.0.69,443,17,2731,1051,16,8,1610574334023;1610574334024;1610574334051;1610574334123;1610574334219;1610574334322;1610574334385;1610574334400;1610574334401;1610574334413;1610574334423;1610574334449;1610574334522;1610574334628;1610574334628;1610574334633;1610574334634;1610574334656;1610574334662;1610574334709;1610574334725;1610574334751;1610574334825;1610574334919;,151;175;160;175;175;175;107;107;107;107;175;160;175;175;403;107;107;106;144;106;175;160;175;175;,1;1;2;1;1;1;1;2;1;2;1;2;1;1;1;2;1;2;2;1;1;2;1;1;
1610574335,192.168.1.214,52651,137.110.0.69,443,17,4543,320,21,2,1610574335024;1610574335025;1610574335050;1610574335125;1610574335218;1610574335322;1610574335428;1610574335522;1610574335626;1610574335646;1610574335657;1610574335679;1610574335700;1610574335720;1610574335741;1610574335762;1610574335766;1610574335787;1610574335807;1610574335818;1610574335922;1610574335963;1610574335984;,151;175;160;175;175;175;175;175;175;232;235;380;379;225;228;227;160;221;223;175;175;247;220;,1;1;2;1;1;1;1;1;1;1;1;1;1;1;1;1;2;1;1;1;1;1;1;
1610574336,192.168.1.214,52651,137.110.0.69,443,17,7195,841,32,6,1610574336004;1610574336025;1610574336046;1610574336046;1610574336057;1610574336072;1610574336082;1610574336104;1610574336125;1610574336145;1610574336166;1610574336187;1610574336198;1610574336219;1610574336229;1610574336254;1610574336254;1610574336255;1610574336308;1610574336329;1610574336339;1610574336361;1610574336367;1610574336377;1610574336399;1610574336420;1610574336441;1610574336462;1610574336483;1610574336504;1610574336599;1610574336703;1610574336730;1610574336805;1610574336901;1610574336901;1610574336932;1610574336982;,224;342;151;344;365;161;378;237;234;227;240;242;236;175;107;107;107;107;240;234;229;237;161;235;232;224;227;232;233;175;175;175;161;175;175;282;144;106;,1;1;1;1;1;2;1;1;1;1;1;1;1;1;1;2;1;2;1;1;1;1;2;1;1;1;1;1;1;1;1;1;2;1;1;1;2;1;
1610574337,192.168.1.214,52651,137.110.0.69,443,17,4578,1981,23,13,1610574337006;1610574337032;1610574337042;1610574337104;1610574337199;1610574337219;1610574337219;1610574337220;1610574337220;1610574337246;1610574337250;1610574337251;1610574337251;1610574337251;1610574337272;1610574337282;1610574337303;1610574337313;1610574337313;1610574337313;1610574337313;1610574337313;1610574337313;1610574337328;1610574337338;1610574337340;1610574337340;1610574337340;1610574337341;1610574337341;1610574337351;1610574337437;1610574337482;1610574337827;1610574337829;1610574337843;,175;160;151;175;175;359;368;680;170;144;106;186;194;106;144;235;235;142;137;106;99;99;99;160;106;106;106;137;106;106;468;364;106;137;106;106;,1;2;1;1;1;1;1;1;1;2;2;2;2;1;1;1;1;1;1;1;1;1;1;2;2;2;2;2;2;1;1;2;1;1;1;2;
1610574343,192.168.1.214,52651,137.110.0.69,443,17,352,654,3,2,1610574343885;1610574343901;1610574343905;1610574343989;1610574343989;,128;536;118;118;106;,1;2;1;2;1;
