valid_package_rate,peaks_gap,peaks_number,max_prom_norm,peak_0p1Hz_norm,peak_0p2Hz_norm,pct_zeros,data_label
0.99,156,140,14.37976791018352,0.06148719901025896,0.1865304160433428,48.700866089273816,1
0.9666666666666667,163,134,13.524348127669823,0.02966678104484318,0.05471856659455407,65.97869507323568,1
0.99,152,147,13.25483417453826,0.03229895073939116,0.04223559726928422,71.80851063829788,1
0.99,152,146,14.206013694209046,0.05405406760386969,0.02507238481640883,69.94680851063829,1
0.9533333333333334,157,142,11.979238431968666,0.03668939604035997,0.05213560229663266,73.35548172757476,1
0.8966666666666666,179,120,11.97826585885698,0.030103179760131354,0.06296736777831384,73.40425531914893,1
0.9033333333333333,176,121,10.187391779783939,0.07837089303778035,0.0834488560876923,71.98935462408517,1
0.88,182,115,9.991244162282664,0.018798028428549825,0.09308992281392288,73.00531914893617,1
0.92,175,120,10.527909685116462,0.02129492319664732,0.0811952686400229,68.10631229235881,1
0.9433333333333334,164,133,11.057335308523266,0.03582223356762461,0.07791432921906018,72.80585106382979,1
0.9933333333333333,171,126,9.919691784302815,0.7674758708316753,1.0419140231362682,55.71142284569138,1
0.9933333333333333,170,129,10.104761614620825,0.04100707805416297,0.17735732949130342,65.00332667997338,1
1.0,173,125,15.991125408895261,0.04033011954858314,0.10282373764846453,55.08982035928144,1
0.99,163,135,14.836722017943057,0.07042397288156575,0.07493504310960585,54.285714285714285,1
0.9966666666666667,168,132,13.0266934279323,0.04082334537523413,0.17695280099410043,56.67774086378738,1
1.0,172,126,16.05073633424925,0.08965402759750667,0.10591824789278452,50.930851063829785,1
0.9966666666666667,169,130,17.14017766203285,0.03247496185091229,0.13883112057124777,56.478405315614616,1
0.99,167,130,15.695589006158393,0.049118560838873906,0.09109703338704797,61.461794019933556,1
1.0,163,134,16.952949749184828,0.04065829927804945,0.05313123662105637,54.6843853820598,1
1.0,168,131,11.656237798611196,0.10655080182919269,0.08773341490783258,64.71371504660453,1
0.9966666666666667,141,154,4.170897522594581,0.016822269395430738,0.06250688422072473,69.0,1
0.99,151,148,2.4695697906215415,0.07733379741550428,0.0900399950390621,76.24750499001996,1
0.9933333333333333,153,146,2.489208514555715,0.12053726869127097,0.09384902664637713,68.7541638907395,1
0.99,147,151,5.806822420103145,0.03390845344127505,0.1877029968227002,79.3080505655356,1
0.99,153,146,4.048774077689982,0.04139034226969014,0.10191975167239935,70.32601463739188,1
0.9933333333333333,144,153,2.6700808924692554,0.039983371846901074,0.1084766426239153,79.02796271637816,1
0.99,151,146,2.9595904337923975,0.08766491772949163,0.038001785236844436,73.15614617940199,1
0.9866666666666667,148,149,3.882330571718545,0.0552297057031132,0.027384212036733656,74.25149700598803,1
0.9966666666666667,153,147,2.6768507219136763,0.05129200332550877,0.46105841891021104,77.07641196013289,1
1.0,147,150,3.5252595502605835,0.054444230916219555,0.13284924868215764,71.67553191489361,1
0.9833333333333333,250,40,6.830521331352843,31.85644166467271,23.688852149775315,86.41810918774966,0
0.9566666666666667,256,34,4.745524187149788,16.899382994444935,15.850822191254574,92.53830779480346,0
0.9666666666666667,256,36,4.736795832763337,16.8996657842008,15.999118350094202,93.20453031312458,0
0.9666666666666667,262,35,4.411368747170791,14.452337216612278,14.51443846238271,92.60493004663557,0
0.9966666666666667,257,34,4.725002494881742,15.067266178429257,14.301730958922072,93.88704318936877,0
0.9966666666666667,257,37,5.011269065035659,16.95748044595109,15.97981496255425,91.49501661129568,0
0.9765886287625418,263,31,4.407430064783077,13.892808323178192,13.208081823287527,93.8,0
0.97,260,31,4.364747345111365,13.885839295986987,13.197297862446533,93.75,0
0.9466666666666667,259,32,4.134298652234335,14.3701314383704,11.982701379652097,93.08510638297872,0
0.9533333333333334,259,31,4.815472461477206,16.743816802686716,15.510252134599211,92.27696404793609,0
0.9966666666666667,248,42,7.461665611996934,32.55026324817546,24.91474135673387,86.88415446071905,0
0.97,256,33,7.073138504831202,29.10421540681072,25.0874816064652,84.58471760797342,0
0.97,259,32,7.866164366346301,32.26025720916609,27.531936313239438,87.35861610113108,0
0.9633333333333334,255,36,6.652655598368933,28.91955580002989,24.035281590187843,87.35861610113108,0
0.9433333333333334,256,35,7.47548117990105,30.752535433991618,26.462083280329068,87.54993342210386,0
0.9566666666666667,247,44,7.272602101411298,31.136210409385832,26.544464320653557,87.30897009966777,0
0.97,251,40,8.066058978931517,33.443112196479,28.439263633270727,87.458081824279,0
0.9466666666666667,252,40,7.128851364697967,29.69582372452042,25.64829592549923,87.89893617021276,0
0.9533333333333334,255,36,7.02052424533233,28.440326254003427,24.841905299194263,87.62475049900199,0
0.9733333333333334,258,39,7.27077541854804,30.710584113390468,26.684319307015908,86.62674650698602,0
0.9066666666666666,237,61,4.138862276482135,0.37718840010156807,5.442959247757029,89.88015978695073,0
0.93,246,50,3.335100669427922,0.967085303562795,3.4056470495558715,91.0299003322259,0
0.9466666666666667,254,42,2.610889294226085,1.6913152878803377,3.03612481259554,92.80479680213192,0
0.9266666666666666,225,55,3.1992973385414443,0.3285674942110458,5.196322695038839,91.22340425531915,0
0.9633333333333334,233,59,4.805424256155533,0.3391973297260153,5.126375938541256,90.54593874833556,0
0.9466666666666667,239,54,3.247554551768581,0.662762894475634,4.7252372541682215,92.0265780730897,0
0.9366666666666666,240,56,3.0388759584685987,0.37957318179859717,4.559093514301234,91.81091877496671,0
0.9431438127090301,234,61,3.7390943564513766,0.1597092501649529,2.548165398743024,92.5033467202142,0
0.95,246,55,3.0652327817723655,0.24619523196075202,4.224099548817643,92.88090485695277,0
0.8933333333333333,243,53,3.7503749847271504,0.35637632629200955,3.9619300508324313,92.33844103930713,0
0.9866666666666667,229,68,3.160700610611465,0.11449476132249577,10.669907281082665,90.67909454061251,0
0.9665551839464883,237,59,2.184747164057307,0.1540839506674184,5.21740394639416,93.11497326203208,0
0.9466666666666667,233,58,3.7056385763634974,0.07730298106744339,12.41147433077569,93.21808510638297,0
0.9366666666666666,233,59,3.4182208143259714,0.14684578374725987,12.605182742924528,93.21357285429141,0
0.96,233,63,2.879854302237825,0.12430444112891512,9.244278545463809,92.92861907938625,0
0.9466666666666667,235,56,2.8011389991242397,0.1396043435783297,8.255492075874859,93.01397205588822,0
0.9633333333333334,239,58,2.3199268824406336,0.15473400939838505,6.842113464341761,93.2890365448505,0
0.96,234,62,2.9403113894043926,0.2458577575040236,9.366909500042176,92.60493004663557,0
0.9666666666666667,233,59,3.2009942531788953,0.17418578815656785,10.652862770821796,92.67643142476697,0
0.9666666666666667,234,61,3.261649274981664,0.20445074053565898,10.623151485993189,91.81091877496671,0
0.9933333333333333,232,60,2.846575631029508,0.8194757946674133,9.078128613209163,91.47802929427431,0
0.9766666666666667,229,51,3.5775300821927285,0.586582526909926,13.330088444015496,93.41755319148936,0
0.9833333333333333,241,55,2.4511359902647487,0.41418746274083695,7.830999112615967,93.75415282392026,0
0.98,242,55,2.6989750740442675,0.48812953972239964,8.92906713552481,93.80825565912117,0
0.98,227,58,3.685206096266388,0.18366974149688636,13.828454237612025,92.75747508305648,0
0.98,231,62,3.7230202382293904,0.37569809919495256,13.903914953319816,93.00466355762825,0
0.9666666666666667,237,60,3.8900398925767106,0.11842910320034714,15.157341820546737,93.3955970647098,0
0.9633333333333334,229,65,3.025102766842464,0.1430754514569068,10.649892002342863,93.40439706862092,0
0.9633333333333334,236,61,3.690643965295951,0.22442897753410646,13.704328508289922,92.54327563249001,0
0.97,232,61,3.0533467038413273,0.12677727590860188,10.75842869823343,93.13790806129248,0
1.0,92,204,2.2955837869737845,2.728741484721934,0.4307585518203227,10.911510312707918,1
1.0,93,204,2.7647556481645044,0.5708326766542724,0.5680459113258721,11.096345514950166,1
1.0,106,195,2.649371077373005,0.3703478396134774,0.5446776895409128,11.029900332225914,1
1.0,112,187,2.1097400503758013,2.3272966649567643,0.591112815772426,14.883720930232558,1
1.0,108,191,2.8633100728802536,2.993290480867875,1.5778585182260365,10.897009966777409,1
1.0,111,189,3.4384507608619344,0.30341179671764523,0.6309437880619517,9.56810631229236,1
1.0,106,194,3.3562228030947048,1.444652232545584,0.7855697962814949,10.498338870431894,1
1.0,97,202,2.8589542779221793,0.5167963398471854,0.7897486500059003,7.2425249169435215,1
1.0,108,191,2.55969946928315,1.4211753542665928,0.6264462715124384,10.232558139534884,1
1.0,116,184,2.5586762388197526,1.2678361479156501,1.568610531395488,11.162790697674419,1
1.0,123,177,2.132947328001302,2.1837364325774553,0.9331883120138539,15.215946843853821,1
1.0,101,198,2.7180622640517136,2.6966732433846006,0.9416898273855775,14.617940199335548,1
1.0,108,192,2.380651995757252,1.6521494642045669,1.4097816719637533,14.219269102990033,1
1.0,151,147,2.975879577139294,2.3671174957480443,2.069366903786954,36.478405315614616,1
1.0,122,176,2.5680394392113524,1.3455209263391383,0.7862956163838691,15.614617940199336,1
1.0,100,199,2.9090890379923584,3.70891887644934,0.3607350237451692,10.23936170212766,1
1.0,109,189,2.017289013029316,1.947664843991794,0.8100967317620706,13.914780292942742,1
1.0,121,178,2.2081072851023094,1.3918986284258967,1.3448433294112554,11.893687707641195,1
0.9966666666666667,180,119,7.847979445220086,0.5685542371450149,0.10468925341435989,62.524916943521596,1
1.0,107,190,3.3915447826897074,1.4622059038541066,0.42028364251445743,12.093023255813954,1
0.97,22,34,9.4851284997812,4.9648182915135886,0.04656672839267561,82.45847176079734,1
1.0,96,203,1.9160843369698506,1.431187452711096,1.0334629721641584,11.694352159468439,1
1.0,95,205,2.3861284019429845,0.3567762067715924,0.5900994192157119,13.687707641196013,1
0.9966666666666667,118,182,2.0772430712660683,2.1839285567379543,0.711861949789896,16.079734219269103,1
1.0,126,173,3.167084078557739,3.7641538310219014,0.7553405779052723,21.32890365448505,1
1.0,120,177,1.8655107279548333,2.2724789257524654,1.6593106768435206,18.67109634551495,1
1.0,98,200,2.1102677627296846,1.2987291084715766,0.894498688018469,13.355481727574752,1
1.0,109,191,2.933715479421654,0.9488611418988819,0.5289231330494705,14.086378737541528,1
0.8866666666666667,233,65,6.774340561694318,26.267795946093827,22.67548290352047,84.2456608811749,0
0.87,236,58,7.326510492782633,27.56209450423034,23.90181162109326,88.16053511705685,0
0.87,258,35,5.591870457364041,18.133916720790896,16.774174225913647,92.77591973244147,0
0.9,244,45,6.626747507369098,25.095373252907116,19.04660230590184,88.43085106382979,0
0.8966666666666666,255,36,5.577725792411284,18.053814365709048,16.677962919551586,92.98597194388778,0
0.9033333333333333,248,44,5.518736774001287,18.600679062903993,15.941523866726515,86.30319148936171,0
0.92,250,41,6.098362306459625,21.359139936304825,20.563002631929585,84.97997329773031,0
0.9066666666666666,253,39,5.151659184563699,16.54708418256963,14.742220445042976,93.12875250166778,0
0.9133333333333333,256,35,5.708662375535655,20.20214344735007,18.271187022452985,90.61251664447404,0
0.9166666666666666,248,52,6.133075121614097,20.696307823003465,17.190485304972313,86.11295681063123,0
0.8933333333333333,252,40,6.161751617672013,22.721942225707505,18.064963216022676,86.55126498002663,0
0.8966666666666666,246,46,6.44543936033016,22.11287035196624,17.932358406045388,87.35019973368841,0
0.88,237,61,7.2367512598768515,28.448352653711048,24.155733123095203,85.98006644518273,0
0.9033333333333333,251,41,7.033460498073089,25.702789548315565,19.722697116538708,84.67688207861426,0
0.91,252,40,5.5880589164239,20.359285828990497,16.719133201782572,90.3225806451613,0
0.8691275167785235,254,37,5.39453457012396,18.880147698215666,15.129632699630593,89.68519758874749,0
0.91,251,40,6.231128155144444,21.960026432904524,17.33992979172622,89.91989319092123,0
0.9096989966555183,246,45,6.008819206869121,23.4650417317485,17.77474688126742,84.77970627503338,0
0.87,244,46,5.981758497059033,21.164143015693995,18.819977431758126,85.5807743658211,0
0.883177570093458,173,28,5.050813445769725,15.951802382848928,12.807215676955696,88.58746492048644,0
0.8866666666666667,235,61,7.42237222788463,29.277848340408745,23.09709077181889,85.78073089700996,0
0.8833333333333333,240,51,7.08119869996702,27.267458032759997,23.082696558718162,89.96655518394648,0
0.91,245,34,4.838559776927385,15.16537444142785,14.185107467805514,90.92122830440587,0
0.8866666666666667,258,35,5.521280700726581,19.98243261246604,16.75403833721819,90.625,0
0.89,250,41,5.399830615029561,18.672527698625828,17.083670802876405,85.91362126245848,0
0.9066666666666666,256,36,5.200856169317805,18.388307834150908,16.401347886040046,89.70099667774086,0
0.8966666666666666,251,47,6.418256290402833,24.570678869751475,18.593591261702162,84.69727212242182,0
1.0,78,222,8.813302248667163,0.5591200538285834,0.28003969423647646,0.7318695941450433,1
1.0,72,228,6.590928131416695,0.6542004800066235,0.4862294073788983,0.132890365448505,1
1.0,66,232,6.492573526438259,0.8718168698593769,0.49340758719331235,0.46511627906976744,1
1.0,89,211,3.3502691843195986,0.9396643803238821,2.756828300768934,0.7308970099667774,1
1.0,93,204,4.953376834917178,4.647357599688384,0.7646037929599118,1.1295681063122924,1
1.0,83,217,4.97707485923139,0.45602386847642895,0.3031604269513191,0.26578073089701,1
1.0,84,216,6.430131848316659,0.3121169721866257,0.39613274131953624,0.39867109634551495,1
1.0,73,226,7.050978579455141,0.29799078035868237,0.39431645943713556,0.19933554817275748,1
1.0,75,225,6.8038623416056705,0.751540387551947,0.2003041715723902,0.39867109634551495,1
1.0,69,230,8.722686255906966,0.24260495271324253,0.2167819170455894,0.6644518272425249,1
1.0,63,237,7.70810777370728,0.45092833597939763,0.24134607023447202,0.46511627906976744,1
1.0,57,242,7.033124891443882,0.2544917440619419,0.2396318296516797,0.53156146179402,1
1.0,57,242,7.689067674804877,0.6705877276620029,0.597485217658563,0.39867109634551495,1
1.0,60,240,7.750623595045313,0.2325681817026678,0.5360057461087737,0.19933554817275748,1
1.0,74,226,5.963216303924153,0.9085122814464685,0.9137426708594762,0.46511627906976744,1
1.0,67,232,7.487781331103759,0.5850953619127636,0.49968363162872165,0.46511627906976744,1
1.0,69,230,10.13098315058565,1.131175425999305,0.6413223972556703,1.996007984031936,1
1.0,57,241,13.03734725426586,0.4219340705432173,0.21786586308443082,0.53156146179402,1
1.0,78,222,4.019812181930708,2.0629311645988575,2.052740534498461,0.8637873754152824,1
1.0,49,251,11.591664216028088,0.5697752141618682,0.10626619098229056,0.7973421926910299,1
1.0,96,202,3.472401597475374,1.645843642190767,1.8168550226186682,3.255813953488372,1
1.0,75,225,4.012248505707533,1.4625410647393546,2.1682692360731077,3.1893687707641196,1
1.0,75,224,2.8681928207483445,1.8895057205785626,1.0992505761308256,1.06312292358804,1
1.0,81,219,3.7240347548133417,0.20768079225886715,0.9469832390748347,2.12624584717608,1
1.0,69,231,3.0452461018676247,4.756719561609375,2.369344625610093,1.7275747508305648,1
1.0,72,228,5.175130193570808,4.5407222833408225,0.5837178166849067,2.0598006644518274,1
1.0,63,237,2.6446745185505693,1.162623532517376,1.1957051037664925,0.46511627906976744,1
1.0,45,255,2.6512333680550597,5.791937182935456,2.787501062965598,0.26578073089701,1
1.0,44,255,11.316554637970063,0.8198142659319358,0.6794471720295462,4.119601328903655,1
1.0,71,229,11.219715362703537,0.41580782195647054,0.4570681445512383,0.9966777408637874,1
1.0,53,245,12.481066924052772,0.2761429457005421,0.07831243003449172,0.7973421926910299,1
1.0,88,211,3.880031170863726,1.7588035128696164,1.3034071047938545,2.1926910299003324,1
1.0,67,233,2.8661830968119535,6.446087594868595,1.347637679552438,0.9966777408637874,1
1.0,49,251,2.744507510070937,1.5069035599808658,1.8747352795339562,0.7308970099667774,1
1.0,64,234,2.527783501690673,1.5316518644686155,1.5438252221205233,1.06312292358804,1
1.0,97,191,4.795533192705883,2.876994259344908,2.487754630932295,2.857142857142857,1
0.8666666666666667,250,40,1.5135797796469856,0.9777892946330466,2.617120005418736,95.14304723885562,0
0.8866666666666667,254,27,1.39579593657894,2.1291730287748076,3.2435526465816764,97.13715046604527,0
0.8561872909698997,265,30,1.93835211653892,1.0859828708124726,4.4436506279345,95.92245989304813,0
0.8633333333333333,262,31,1.7084987748047156,1.8402929013194447,3.9933166103652336,95.9387483355526,0
0.8666666666666667,265,22,1.1300639073314864,1.2990242330010666,2.592107766301576,97.3913043478261,0
0.8666666666666667,250,27,1.5773283912791745,0.9932708387156514,4.058324309188322,96.73768308921439,0
0.8933333333333333,266,30,2.152618120599166,1.6976187202021187,5.750773357200178,96.46194926568758,0
0.8633333333333333,259,28,1.582002394554103,1.3215254454004792,2.335150314158704,96.79144385026738,0
0.8966666666666666,259,34,2.0173424463758494,4.091203759241028,5.595174450288915,95.88039867109634,0
0.9033333333333333,256,31,1.9386559983672393,1.1743411176941314,4.706838170176874,95.2,0
0.8833333333333333,261,26,1.5664794216890507,1.6449951970648764,3.978903965719753,96.87083888149135,0
0.85,256,32,2.013178043038933,0.5903640188983756,5.238979080191703,94.46666666666667,0
0.85,270,25,1.3644043564388786,1.3010843870638042,2.4324433221027966,97.00199866755496,0
0.8533333333333334,263,27,1.5748259764146229,2.598340952378186,3.111569407014294,96.20253164556962,0
0.8066666666666666,272,25,1.7674093826890835,1.949493997278478,4.604202543032967,96.79144385026738,0
0.84,249,24,1.291610879080611,1.0006364304784392,2.812563956946942,97.19251336898395,0
0.7966666666666666,275,20,1.570509922361318,1.4881731703635368,4.0803440367698505,97.38430583501005,0
0.83,253,26,1.5087808716818583,0.898947634071973,3.1236167170884324,97.30820995962316,0
0.7966666666666666,259,28,1.2659049848909694,0.36936011947586117,2.707974858648453,96.86875416389074,0
0.8266666666666667,256,29,2.0493073689301307,0.5691547663299446,3.803015084170624,96.20253164556962,0
0.8333333333333334,271,21,1.2679799641916782,0.9026136455937839,2.6781693944954585,97.66355140186916,0
0.8166666666666667,258,23,1.412378168546022,0.9375650423994271,2.471030098885123,97.2630173564753,0
0.8666666666666667,258,24,1.2167535885345044,1.5161001142530595,2.5230337374071268,97.59358288770053,0
0.8366666666666667,256,29,1.9301524462051787,0.6800862548387338,4.621038957482883,96.27659574468085,0
0.8166666666666667,266,27,1.4559128125758365,1.1957634301373208,2.3547731442163617,97.11796246648794,0
0.83,273,26,1.4226456754739394,0.6969836227418367,3.3376210502667303,96.93128752501667,0
0.7959866220735786,258,31,1.6271026354806315,0.4928790172979249,3.918248984756563,96.693657219973,0
0.7766666666666666,254,25,1.982124812745225,0.8156650616758793,4.5064595347985525,97.24647414372062,0
0.8633333333333333,264,32,1.7415251142042179,2.1264291139587286,4.443573346636686,96.271637816245,0
0.83,244,31,1.6350822378874659,1.5474741089767703,3.832075224827135,96.86666666666666,0
0.85,260,30,1.8240292456649458,0.7420252942625352,4.463141785810901,96.86038744154976,0
0.84,256,26,1.2565155966912323,0.9977918637805862,3.1236157171703884,96.86457638425617,0
0.9,223,18,1.61354685847554,2.8701651340381202,3.9488552378638215,96.60452729693742,0
0.8461538461538461,262,26,1.2254416516872424,1.4555980146264595,2.411975727514914,97.05882352941177,0
0.8233333333333334,269,24,1.2008334402780716,2.7361116335179387,2.659347470770428,97.33510992671552,0
0.8666666666666667,259,25,1.3094134817340304,2.5239131231126843,2.405606237774761,96.87292082501664,0
0.8633333333333333,257,24,1.638467456568476,2.553988750702575,3.995060962438179,96.8,0
0.8633333333333333,17,52,7.710739967923417,8.848590077452549,0.756941931796335,78.33887043189368,1
1.0,191,106,2.3794439791387654,3.8445693067557447,1.2904502761553363,93.95348837209302,1
1.0,188,110,1.905623855338887,0.4670546953130496,0.7370393119593379,0.33222591362126247,1
1.0,186,112,2.146717464999328,2.572514976072976,2.5824687002421896,96.2126245847176,1
1.0,162,57,12.368065403122532,1.2699235276241447,0.4543312021118745,22.39202657807309,1
1.0,196,102,1.9975865886520376,3.8092187726028763,0.9758577601409982,0.0,1
1.0,196,102,3.3635202471537395,1.543079747683483,2.9750252641243646,0.33222591362126247,1
1.0,160,99,7.704892115804889,0.2678504777905889,0.14191420356226078,0.0,1
1.0,183,68,3.3893395974400704,2.739493205417928,1.1144807836859485,1.9933554817275747,1
1.0,91,30,7.7765145878278235,4.189842597204444,1.0719669923442812,0.132890365448505,1
1.0,185,108,2.581001105093003,2.090076750729654,1.7410407254460052,0.39867109634551495,1
0.8528428093645485,241,51,4.854651100407086,18.52586609207687,16.41290199237271,82.92029470864033,0
0.79,246,45,5.010025701410136,19.203671098447803,17.685366811957437,83.84512683578104,0
0.7266666666666667,245,46,4.847746944059677,18.82077351029653,16.6604299782597,85.20986009327115,0
0.75,238,53,5.203872948120514,20.575647393861242,18.297363591376936,84.74350433044637,0
0.81,238,53,4.962053866500201,18.47715200636756,16.885876096432032,84.14390406395736,0
0.7662337662337663,62,10,2.0434142966935216,4.462086289127628,5.194186660804632,91.14583333333333,0
0.7766666666666666,247,44,4.885128502478141,18.935808690971292,17.04129668531693,83.84308510638297,0
0.8033333333333333,227,54,5.188616073323704,20.834662144902484,17.35634498422704,75.68106312292359,0
0.6933333333333334,258,33,5.313068208236907,20.42327829178012,18.24684801217389,83.45563709139427,0
0.72,256,35,4.8621441146991655,18.977525051058493,16.85350331597314,84.48735019973368,0
0.7625418060200669,242,49,5.065486127757879,18.79507107240369,16.806925836585716,84.97652582159624,0
0.75,249,42,4.507663161348784,15.971428441993481,14.574179658294183,86.16101131071191,0
0.7080536912751678,250,41,5.613577527143592,21.866343605427303,19.18752644225408,84.57411133467471,0
0.71,242,39,4.884695141364189,17.78748621366125,16.59253055475991,84.98338870431894,0
0.83,230,65,4.750687654876742,17.460923273959047,16.173868541734592,84.07728181212525,0
0.7391304347826086,227,64,4.640418346497453,17.406190469861066,15.995752630493877,85.91455273698264,0
0.7666666666666667,229,62,4.796238817472724,16.90296988714724,16.090247137924678,85.27648234510326,0
0.7666666666666667,64,17,1.9466920448928795,5.249894205856281,5.1058966209561785,85.90308370044053,0
0.7725752508361204,213,57,1.496833432154417,1.3443004768999682,2.162923035351849,88.36120401337793,0
0.6599326599326599,254,36,1.4051553461433588,1.405633179247711,1.1151630897406537,90.64602960969044,0
0.5418060200668896,258,30,1.470498805812439,1.0015728899630214,1.3687955465810826,90.80536912751678,0
0.5585284280936454,247,35,1.5199844829279874,0.5707128561003436,1.1156788967984703,91.0427807486631,0
0.5466666666666666,222,32,0.8961385360693185,1.817509742456289,1.2076588933541867,90.527018012008,0
0.5833333333333334,230,33,0.9699358810601578,1.2529508674222087,1.2522811456055254,90.745672436751,0
0.5733333333333334,267,30,0.8588129717572157,1.8545866753189468,1.668360422905821,90.85447263017356,0
0.5462184873949579,82,24,0.6763457792978314,1.5951719198781331,1.1489941487193684,80.06700167504188,0
0.62,234,36,1.472098582557894,2.240039313978578,1.7256965925044985,90.12675116744497,0
0.63,248,30,1.4648851577787012,1.2670080979598968,1.2051750310587004,91.61118508655126,0
0.5566666666666666,220,31,1.0221885324858415,1.898943323944922,1.2928113700713555,91.11111111111111,0
0.6966666666666667,225,56,1.9807243403298487,0.672005203039005,1.402614131992926,83.73333333333333,0
0.6287625418060201,261,24,1.1329019258624908,1.5083805921190352,1.3558107394720664,94.25133689839572,0
0.5666666666666667,233,37,0.9556821508894694,1.2069745948702257,0.8354436223291363,90.53691275167785,0
0.5266666666666666,244,29,1.1766951481737924,0.8648933067132811,1.3287476297281449,91.4609739826551,0
0.5451505016722408,242,28,1.331074049085298,0.6895789054643144,1.4094359064016018,91.33697135061392,0
0.7333333333333333,251,48,1.3005095855392388,1.0705261539493327,1.6276945538138021,90.14647137150466,0
0.7166666666666667,245,40,1.4953581850946744,1.3017853246151825,1.559190322425388,91.61676646706587,0
0.6588628762541806,230,36,1.2692608218523704,1.0464018230990049,4.088756227942159,91.29852744310575,0
0.5858585858585859,229,28,1.2281172466994674,1.357990353054129,2.378677313963978,92.85714285714286,0
0.6466666666666666,169,33,1.4790402401134408,1.1624948450124561,1.5209200704929984,91.27829560585886,0
1.0,1,299,3.3694496257427575,4.049312755002088,0.1751317699257776,24.550898203592816,1
1.0,0,299,4.931731815143116,6.14897763063564,0.0392614665122211,84.65116279069767,1
1.0,-44,344,1.871962465552536,1.1825468967682977,0.4935598149591645,74.15282392026577,1
1.0,-47,348,4.802715546693734,2.022469214147191,1.165215783415058,38.073089700996675,1
1.0,-38,339,4.935442091815735,3.437124239122481,0.11657132905436715,22.19269102990033,1
1.0,-93,394,5.586196635560094,3.9846435212926914,0.12301035729812516,53.48837209302326,1
1.0,-89,390,4.135186361255545,4.720831155825136,0.4574404783495874,62.990033222591364,1
1.0,-11,300,5.217289358040734,1.108251217436205,0.13083673469262624,2.4584717607973423,1
1.0,-30,240,1.2586094657420581,1.7903585089919642,1.3751033785735978,0.4716981132075472,1
1.0,-123,423,1.6863243664614165,2.0121675202143297,1.1478296478349508,93.15159574468085,1
1.0,-63,364,6.164120630552527,4.398653983445464,0.3948458881160417,76.81063122923588,1
1.0,-59,360,4.019499369530897,4.040677074686274,0.15061010387696536,78.00664451827242,1
1.0,0,280,4.817729196913398,0.9984423786996425,0.38610178895924374,57.80730897009967,1
1.0,-187,479,1.7385011288139363,2.140153043815423,1.4836012441805193,10.033222591362126,1
1.0,-298,579,2.874440593209797,1.3990409144517784,1.8600498692934295,6.710963455149502,1
1.0,-158,377,4.036483789804262,1.7478895930428462,3.2358017836216115,39.46843853820598,1
1.0,-196,356,5.2118722384512015,2.804150416417536,2.2142138983281923,50.564784053156146,1
1.0,-315,565,4.440287879715048,3.482517848723051,4.109404255074825,10.64638783269962,1
1.0,-2,302,9.287980800158577,3.248553588193305,0.6542526386792136,4.197201865423051,1
1.0,-7,307,8.97866709829907,4.683038366221199,0.5192023189983681,2.0598006644518274,1
1.0,-44,345,8.339087988990288,3.4892910769406638,0.9361201222750315,0.0664451827242525,1
1.0,133,163,3.5774364101546805,2.491030133948363,1.3198645496373544,89.07395069953364,1
1.0,128,171,4.430506579575743,1.221333023538672,0.1281960430235624,98.40425531914893,1
1.0,145,155,4.3273736056712515,0.3332144905189517,0.2537129475883725,98.93687707641196,1
1.0,145,152,6.176041873056333,0.15029124200845279,0.5558135336530429,99.40199335548172,1
1.0,156,142,4.576448323901402,0.384794233832714,0.267244434128786,99.40159574468085,1
1.0,155,144,4.292910766373241,0.1868619860574782,0.20148991754369092,99.33554817275747,1
1.0,133,164,6.027800306462448,0.22703215348632325,0.15587463816542785,99.40199335548172,1
1.0,153,144,4.40213325914329,0.5791823073502967,0.21313113711447665,99.60106382978724,1
1.0,149,151,5.854340436957466,0.06947413303555947,0.21315681871714504,99.80066445182725,1
1.0,143,154,4.698382414985977,0.3432874224189395,0.3751173238502177,99.2686170212766,1
1.0,132,166,4.369753362083978,0.27015935350453446,0.18319976348307807,99.60132890365449,1
1.0,145,154,5.466306664302534,0.07755486499712098,0.22867666768193104,99.73386560212907,1
1.0,147,152,4.198585218548145,0.11105112385532401,0.48806958360813524,98.93687707641196,1
1.0,150,146,6.646688133796327,0.24289852922761432,0.18540361947043585,99.26910299003322,1
1.0,149,149,5.519774857475931,0.5355888926261698,0.14376375069293054,99.40199335548172,1
1.0,146,150,5.525652033374828,0.4290173805315376,0.2654383513430973,99.26910299003322,1
1.0,148,149,12.12563452103598,0.007657008733758476,0.016704393684750612,81.18351063829788,1
1.0,139,158,11.897716533316709,0.013172504524984342,0.013899517477317951,79.9600532623169,1
1.0,132,168,13.162098609798225,0.028883142339402618,0.00794948631966094,83.45514950166113,1
1.0,152,148,5.87450278850433,0.16203290095461098,0.29481705878606085,99.26910299003322,1
1.0,136,163,3.329688410285284,0.23301061527575662,0.24188335384841828,99.46808510638297,1
1.0,149,149,3.69133050427642,0.4020806473805112,0.31942702008457274,99.06852960745177,1
1.0,151,147,4.968071734929401,0.20148104694177604,0.20224704374288632,99.60132890365449,1
1.0,148,149,4.7271205550422195,0.20146269531787125,0.13034822132145707,99.06976744186046,1
1.0,148,152,5.794254410771748,0.2534621795384699,0.2793661781328563,99.60106382978724,1
1.0,159,139,4.568601655821257,0.1949222266924039,0.1155920112300169,99.06976744186046,1
1.0,142,157,5.268377221549694,0.40119773378010415,0.09247108123073193,99.00332225913621,1
1.0,153,146,7.43317829442265,0.3079679339358673,0.455328280571367,99.66777408637874,1
1.0,149,151,5.944051436593375,0.25769615261452833,0.05994634955742797,99.2686170212766,1
1.0,147,151,8.277035850177636,0.32267886885725294,0.2031948843267597,99.20265780730897,1
1.0,145,153,6.951055805678155,0.6570132501165644,0.34591233608118477,99.40199335548172,1
1.0,150,147,5.734053675681771,0.39309237825170157,0.39985667878156117,99.20265780730897,1
1.0,149,149,6.3592218224993635,0.1454193991912325,0.12381935465301813,99.46808510638297,1
1.0,150,146,3.9019068875886984,2.0898425069676994,2.668894160421789,96.40957446808511,1
1.0,151,148,6.368142111873308,0.5350018362020827,0.2547463824880116,99.20265780730897,1
1.0,138,160,7.22829943007759,0.1821864688887412,0.13353370546613422,99.20265780730897,1
1.0,142,155,10.24502672470607,0.27119001200231685,0.19689392380759957,98.7375415282392,1
1.0,129,165,7.837175093913658,0.384299528977134,0.19827605110158109,99.60132890365449,1
1.0,148,145,5.211064509230035,0.48539367674832046,0.3084337783204324,97.27393617021276,1
1.0,159,140,20.759047934275944,0.006388143227044135,0.005262778514626064,79.89347536617844,1
1.0,139,161,19.379952667781243,0.010687892830426628,0.006010923113542121,79.89347536617844,1
0.9966666666666667,160,139,19.366836722213968,0.028121657605895016,0.025764573962414928,83.42210386151798,1
1.0,130,167,9.0352356711701,0.2512326815748312,0.10691533604512894,99.40199335548172,1
1.0,156,143,5.860039332957735,0.25973501460298903,0.1617709531792752,99.60132890365449,1
1.0,145,154,4.183680631102417,0.24993573296652302,0.09132857600451379,99.53488372093024,1
1.0,149,151,2.0930408536992413,0.4028374872487186,0.07471399349156138,99.13563829787235,1
1.0,160,140,2.394150475546818,0.27006156987080804,0.2825782516496856,98.93687707641196,1
1.0,149,150,2.3219111172732063,0.2537564760506011,0.433592319717878,98.80398671096346,1
1.0,150,149,2.2375180439815177,0.07179616339662763,0.20114495033585197,99.33554817275747,1
1.0,145,155,5.7141501041275,0.18097330650435248,0.2810888215737012,99.53457446808511,1
1.0,152,145,5.412832918942532,0.42556492357748354,0.6748959352692565,99.06976744186046,1
1.0,151,146,4.737435592145718,0.19951971821958173,0.21972314958751277,99.60132890365449,1
1.0,155,145,6.184883657249796,0.404511566885263,0.239676273158126,99.26910299003322,1
0.9233333333333333,184,111,11.339604772598866,0.10370243403161919,0.15839366846170644,75.68470273881096,1
0.7,225,72,8.151541493346896,0.23287084233194016,0.11288805859541777,82.62316910785619,1
0.6733333333333333,226,71,9.669181676836041,0.059765767503867605,0.12720483474850583,80.22636484687084,1
0.7033333333333334,217,76,8.242819276209092,0.1497686914594087,0.2760536271149814,83.43313373253493,1
0.6766666666666666,224,75,9.443356332356448,0.07319045183893144,0.1610025646864616,80.95872170439414,1
0.7,225,73,8.91519313445257,0.06863753879163723,0.33399863056714413,78.19148936170212,1
0.9466666666666667,196,99,7.243919955537861,1.5602445195153847,0.9201190212004641,72.37017310252996,1
0.8561872909698997,200,95,8.977834461914016,0.3209737462367185,0.21562559717904092,81.1623246492986,1
0.8733333333333333,201,96,8.10236868072066,0.16311586862298905,0.19603236572891097,80.55925432756325,1
0.83,210,89,7.965702157992421,0.08912717776913515,0.11129580403389802,80.74616922051965,1
0.84,198,97,7.974862919233743,0.22483507521209206,0.18177670857873504,83.22237017310253,1
0.9333333333333333,179,118,8.997862839171683,0.1184805328321726,0.2250240590652993,81.81212524983344,1
0.8233333333333334,199,96,7.394715396040107,0.17531365387574227,0.14975772337244603,83.14457028647568,1
0.8595317725752508,191,104,8.06694533059415,0.15108089923413234,0.04077782318005467,83.0995323981296,1
0.84,199,96,8.448901184145278,0.08893291226131075,0.1976939020857323,83.17819148936171,1
0.9033333333333333,190,109,8.692842100421121,0.12098019954115376,0.1840281000905107,80.4130579613591,1
0.8533333333333334,199,96,7.643636254533829,0.27713274434790514,0.21028891130325947,77.77777777777777,1
0.83,195,98,8.328550466868533,0.14447152969064986,0.16945211959170442,79.21385742838108,1
0.85,190,103,8.205627412899227,0.10363340482825648,0.0892524237566993,80.69241011984022,1
0.8361204013377926,186,108,11.545430387457802,0.06393360357224856,0.12689151088742734,73.94789579158316,1
0.8896321070234113,191,99,5.953986572102113,0.3927370195692614,1.3660856004987645,68.31220813875917,1
0.7233333333333334,218,77,8.339601032993318,0.18758721320303823,0.1142523573137235,79.8800799467022,1
0.9566666666666667,187,103,5.923068593713089,0.7438024550598997,0.804588794516528,72.29235880398672,1
0.7190635451505016,224,73,7.876323899769113,0.17060690846761156,0.12453744996517654,81.93333333333334,1
0.7133333333333334,222,69,7.8569930549538345,0.08803764374458402,0.27029482471161287,82.52491694352159,1
0.7166666666666667,224,71,8.88383757515178,0.1303001518852895,0.11578586844489504,82.75632490013315,1
0.7266666666666667,219,80,9.510253260976173,0.05903911692242242,0.17616331800463852,82.96739853626082,1
0.73,219,74,8.386742591444683,0.0672326296577961,0.10537477631571074,83.41105929380413,1
0.6833333333333333,225,72,8.315737587186575,0.15687862819148277,0.11088749639645519,84.22103861517976,1
0.7033333333333334,218,77,10.952291750443148,0.16650030009160566,0.07969739710132273,79.77378576180972,1
0.6866666666666666,227,70,8.94506040252269,0.1286289289390849,0.25445109338664973,80.7589880159787,1
0.8033333333333333,212,85,6.278065871552761,0.1554292162132046,0.6625422063808855,75.11643379906853,1
0.7066666666666667,224,75,8.876715627878617,0.13117423336989367,0.1369010053085062,82.18085106382979,1
0.8260869565217391,202,93,7.149733809680472,0.18975999233222002,0.5659676008760274,75.70093457943925,1
0.6766666666666666,222,71,7.784715724923339,0.2472270456753554,0.19989607676252477,83.62183754993342,1
0.7133333333333334,214,78,9.051179675209148,0.17407340294886303,0.10261622815349136,83.2111925383078,1
0.6966666666666667,231,64,9.188648945429536,0.1375875011567969,0.11159770487316496,81.70894526034714,1
0.7166666666666667,229,68,8.10136418400463,0.18020673092611492,0.14262429765230167,82.09054593874833,1
0.7224080267558528,224,69,8.699665388064838,0.1294501569297102,0.15141635892478858,80.09352037408149,1
0.7066666666666667,221,70,8.881332071150805,0.1939317136531507,0.0790397553961544,81.21252498334444,1
0.6666666666666666,251,35,1.2393091813479447,0.6620470817636984,3.122085570866288,93.99198931909213,0
0.49,275,21,1.7133417919459526,2.325752111531651,3.4585779554905014,94.73684210526316,0
0.5838926174496645,254,36,1.8799085467739385,1.4333073373572451,1.6626442035810545,93.76257545271629,0
0.40476190476190477,245,24,1.5726579264825356,1.7689341924298485,3.222727334140997,95.1864406779661,0
0.37,276,17,1.7151371470530936,2.431385572183105,4.374634054103992,96.40239840106595,0
0.44333333333333336,269,31,1.4662333861202577,0.7904669920192636,1.661093309496509,94.34464404524284,0
0.47,251,28,1.3354508647298686,0.9252270570379245,2.173165775543957,93.00466355762825,0
0.4916387959866221,237,21,1.786238760010513,2.672464140673545,4.80446490789571,95.65798263193052,0
0.33666666666666667,275,20,1.4670324872228258,2.16821911246291,3.3876417543037367,97.26848767488342,0
0.4414715719063545,195,30,1.7469749335629206,1.9557149599721089,2.3580999126095787,94.99332443257677,0
0.41333333333333333,250,26,1.4808941912146607,2.7688765191824753,5.401747279254933,95.34883720930233,0
0.4866666666666667,163,22,1.5309729741637745,2.2196758684622626,2.391276804086189,95.91977869986168,0
0.5906040268456376,253,35,1.3624199589800015,3.1658027060864398,3.138388950375473,93.69127516778524,0
0.5585284280936454,262,25,1.3978202976328429,2.262365982575452,1.3643111703255548,96.18983957219251,0
0.5833333333333334,212,27,1.5094368937335052,2.11299570454113,1.3859445128676273,95.53035356904603,0
0.5016949152542373,227,25,1.6136480377825126,1.4949380511583186,2.341249434829532,95.12525389302641,0
0.5656565656565656,244,28,1.4404644594154574,0.5259810070951882,1.436089883904393,95.36601746138348,0
0.47315436241610737,256,24,1.5125690069874067,0.845962228508857,2.125409986594001,95.85006693440428,0
0.5551839464882943,240,27,1.1667359876033623,1.8380461066459175,3.073346829838935,94.97991967871486,0
0.5858585858585859,255,33,1.3043827773034273,1.207580615652282,2.5758569424684126,94.16107382550335,0
1.0,232,66,2.508567697412438,2.9091230259490066,1.7858365924952921,99.53426480372588,1
1.0,235,58,1.639276556269071,1.1390320045704017,2.220466979813504,99.20265780730897,1
1.0,229,62,3.246260141305574,4.478244600776095,2.4461602861553593,99.40199335548172,1
1.0,218,61,1.2256971663091374,2.1238410378879347,2.34436443865599,99.80066445182725,1
1.0,223,63,5.651009299681295,1.178301572878515,0.14470815974311899,99.80066445182725,1
0.9074074074074074,24,14,2.629212130415877,1.537282268658208,1.0843898479702831,100.0,1
1.0,153,146,5.64082225103621,0.2839618004649721,0.24605549664124474,58.94876912840985,1
1.0,157,142,5.68629715820988,0.46801747693468865,0.5025665310057699,56.478405315614616,1
1.0,158,141,6.131086825547873,0.27673830854948483,0.5370694016155902,57.56162558294471,1
1.0,161,138,6.139558338355824,0.27016018166685735,0.5607901709217868,56.715425531914896,1
1.0,170,129,5.448778633295514,0.31275794572535903,0.41345406621297837,56.05858854860186,1
1.0,160,138,5.8425191954884115,0.23055429917187154,0.26444583777868985,56.724367509986685,1
1.0,155,141,6.264072616353902,0.2688603609297841,0.2670331400813822,58.006644518272424,1
1.0,157,140,6.006725401794948,0.15780206142276448,0.22322539046718073,58.87043189368771,1
1.0,158,140,5.981872564457559,0.22767941505292552,0.6528013756233364,57.87375415282392,1
1.0,152,147,6.355558556372129,0.3047681892842692,0.1269647392982168,57.52330226364847,1
1.0,161,138,6.062021829240153,0.3430301273825446,0.17585111999768394,58.36109260493004,1
1.0,158,140,5.649100419159808,0.20468581641486122,0.6152925987785015,55.28239202657807,1
1.0,155,142,5.762254880500934,0.6209896674765122,0.3947722494718202,54.21926910299003,1
1.0,161,138,5.506789368111661,0.1695484941530196,0.3030945102234889,57.4468085106383,1
1.0,150,147,6.51483498044951,0.26507744520936705,0.3192645959940771,57.4468085106383,1
1.0,153,140,5.760765362071335,0.2563555099654005,0.18294243008955194,54.72074468085106,1
1.0,154,145,6.506474259465251,0.1527812726582902,0.3648334265201462,56.38297872340426,1
1.0,149,149,6.526165215772379,0.18193170487853505,0.2200531558544001,58.27242524916944,1
0.9933333333333333,152,147,6.475161223483387,0.18571283466640362,0.22883729288007318,60.42638241172552,1
1.0,90,79,6.157925709194183,0.08053031301781949,0.028012542226934167,78.30626450116009,1
1.0,186,111,1.5145175655390217,0.5916340137146691,0.24030663591542434,80.265780730897,1
1.0,185,112,1.4232555239047124,0.2374664293422348,0.3969012354397805,80.79734219269103,1
1.0,188,111,1.3550133594227336,0.45219617884805025,0.31443418326955624,82.18085106382979,1
1.0,165,135,5.79088725059775,0.26681784000004377,0.25736171037963523,56.848404255319146,1
1.0,195,104,1.3385338873090598,0.6475139009136066,0.20280666496300956,83.25581395348837,1
1.0,188,109,1.9236770672613264,0.051765890653081195,0.23876254392105706,81.9813829787234,1
1.0,189,108,1.9076556524827917,0.2700111351704858,0.3930540665828295,82.18085106382979,1
1.0,185,115,1.949000108798222,0.23333682044034348,0.15688715811798193,82.15712383488682,1
1.0,189,106,1.506576013350068,0.3849818715520928,0.2696881418524962,80.90485695276115,1
1.0,186,114,1.343314458560253,0.45140116196984814,0.16000106468081637,81.31648936170212,1
1.0,186,110,1.2932260535733162,0.2419441806690215,0.5027165958328749,81.29161118508655,1
1.0,185,109,1.5669737375738495,0.29869206296731104,0.2627012878141229,81.15845539280959,1
1.0,186,111,1.288694675953797,0.1507830532585943,0.5110259440632191,80.06644518272425,1
1.0,192,105,1.201842542866454,0.35545932323020596,0.44300728526458266,81.46179401993355,1
1.0,160,137,5.852341321702306,0.20311830059787214,0.5227812745229479,56.36242504996669,1
0.9966666666666667,181,116,2.9125977535341434,0.08868506365116072,0.04832247109653349,82.12624584717608,1
1.0,99,60,1.6961469446263184,0.14406364589676532,0.4645994893547083,81.375,1
1.0,146,150,6.082633073747816,0.20659026449212867,0.6580913710339134,56.25832223701731,1
1.0,161,138,5.490783982759809,0.4147330036088869,0.43988263432984254,55.784574468085104,1
1.0,161,136,6.258827648790771,0.2545850992351744,0.4426846809009992,55.415282392026576,1
1.0,160,140,6.124941070515426,0.12739978952025816,0.2494585557063772,57.97872340425532,1
1.0,166,131,5.808108875957148,0.22060783295108685,0.45952636754546367,58.45539280958722,1
1.0,156,141,6.330868121542259,0.28548786877250815,0.32592653889912115,58.47176079734219,1
0.75,250,31,2.954422145398838,9.735378902082864,8.992581584182648,94.78957915831663,0
0.69,260,27,5.871110288165967,0.34805066591493455,0.08857091311362743,93.13790806129248,0
0.7157190635451505,258,29,5.0887910546393345,0.3098738773937864,0.14334480043543846,93.7123745819398,0
0.7183908045977011,141,15,3.6364161036126004,1.5040858694972425,0.07790909316643939,93.46330275229357,0
0.8355704697986577,257,35,3.234381180310168,11.247736488083337,7.44662777718542,92.60752688172043,0
0.6833333333333333,252,30,3.6545077327315996,12.16901899095475,10.965061589755056,94.21157684630738,0
0.71,259,32,3.642265725478329,12.110854558299232,8.549121525834211,92.80430396772024,0
0.71,264,27,2.565089656909512,8.340371273648087,7.7690723734705,95.62584118438762,0
0.8333333333333334,250,41,4.094510699274279,15.414585485229914,11.90709099096714,92.2051965356429,0
0.74,254,37,3.6725443805021554,11.859216866811137,8.832424572100088,92.68130405854957,0
0.78,254,37,4.263268851947845,14.957983223862458,12.632611586791358,92.6,0
0.6466666666666666,259,32,3.091230132888336,10.52814326187088,9.36351612925622,94.53697534976682,0
0.7366666666666667,258,33,4.1201093205924115,12.664376055782903,11.418096208131692,94.48924731182795,0
0.75,254,37,3.5409635984752694,12.317166478503621,9.934249025530132,93.13333333333334,0
0.7433333333333333,257,34,3.4964551050986197,11.868301937534586,9.964945284735315,93.1986531986532,0
0.8133333333333334,260,30,3.112509775791811,10.78150196676567,7.372417521960427,92.01065246338216,0
0.76,251,31,3.313641506997125,10.712922839791693,7.782295111504939,93.21357285429141,0
0.8187919463087249,254,29,2.679357776991712,8.104598135644252,7.250676542326222,92.7662424648359,0
0.7407407407407407,247,34,3.4390400218182293,11.872984391171034,8.123824286146304,92.5575101488498,0
0.6766666666666666,259,32,3.115683061245998,9.67687863558202,7.239879891727469,94.21768707482993,0
0.7733333333333333,255,37,3.102443458265239,9.756801238930361,7.458618133890722,93.40878828229027,0
0.7666666666666667,252,34,2.7747043442898014,7.900036818628401,8.527802089576687,93.2711525649567,0
0.7759197324414716,256,30,5.313874147411767,0.2385695415274885,0.17242737730628857,93.57429718875503,0
0.6966666666666667,260,31,3.6019114296442947,11.290176508384297,10.59738075131819,95.42703429724277,0
0.7666666666666667,258,29,5.073904820880389,0.05987972247615436,0.0845401717394923,93.95790902919212,0
0.75,259,28,4.6030528566487785,0.13029772068031067,0.4353333809622743,93.62711864406779,0
0.705685618729097,260,27,5.154671656486682,0.249757270040227,0.16052421971021144,93.89671361502347,0
0.7066666666666667,269,30,5.010442734589988,0.1916054896223184,0.16713893072549066,93.74167776298269,0
0.7833333333333333,259,29,4.589919447902437,0.7427653034489687,0.16578616718414121,91.58815612382234,0
0.7433333333333333,261,26,4.502298545726996,0.2734869091660331,0.18936726269685403,93.94141145139814,0
0.79,259,28,4.903623746901902,0.32405690527345443,0.17639547491775054,94.00399733510993,0
0.7766666666666666,257,30,4.772029802691153,0.22853569242507438,0.15086695471929107,94.0,0
0.8133333333333334,255,32,5.584635229277509,0.2723547713950469,0.04906793990369524,92.7478376580173,0
0.77,270,28,5.3316700722226065,0.22010536579090512,0.12263714495918526,93.8707528314457,0
0.7224080267558528,261,26,4.7994791536889,0.1768383559339159,0.085243478184996,94.05874499332444,0
0.7233333333333334,260,27,4.9213582759649075,0.5887692590155517,0.05610956872621919,93.08510638297872,0
0.7,259,28,4.8476216160432415,0.37841980824345556,0.09666675528865856,94.08637873754152,0
0.76,260,26,4.114944303822999,1.3761089949890528,0.33343004266576104,94.01993355481727,0
0.7692307692307693,260,26,5.058470385618124,0.2233288550045391,0.1725107154247565,93.92928619079386,0
0.7666666666666667,272,27,5.044091434256057,0.14970303317740674,0.06351624960487058,93.31997327989312,0
0.7566666666666667,259,28,5.080846918366938,0.24723826389819784,0.11984005013725761,93.47536617842876,0
0.79,262,27,3.814650845216262,2.124744558747218,1.3292970984898875,93.20905459387484,0
0.7133333333333334,256,30,4.940995749535169,0.13552094235082826,0.1830585604246201,93.6,0
0.6933333333333334,261,27,5.3921644502104105,0.36127282184343495,0.14666445459505972,92.9812834224599,0
0.7566666666666667,260,26,5.357654769250355,0.062101285746293027,0.05182335239649408,93.346911065852,0
0.9266666666666666,246,49,1.343094458226563,1.604451102587057,3.2084813752784496,90.53964023984011,0
0.71,263,19,1.011856453241205,0.7400703215498234,2.421368737307726,98.33333333333333,0
0.71,264,17,1.2221089288566949,1.2769576554910274,2.736235560965811,98.46972721224218,0
0.7190635451505016,269,17,0.973017128561051,1.7674415130793728,2.7168539372775573,98.18791946308725,0
0.7733333333333333,260,21,1.5256518434093125,1.5782863117118837,4.006940286995695,98.13457694870087,0
0.76,254,18,1.153829716740574,1.3722747455113844,2.9516420610003626,98.33666001330673,0
0.6889632107023411,259,17,1.400902502536408,0.23959856660053122,3.2912471367415272,98.46359385437542,0
0.7333333333333333,259,17,1.1718275849474,0.8227237137930352,2.979044810078073,98.32551908908239,0
0.6933333333333334,257,18,0.9792686610855336,1.184187231492588,2.3439770716685904,98.3849259757739,0
0.7466666666666667,273,18,0.9857052947175536,0.8634480576664636,2.3106871293177895,98.33666001330673,0
0.7123745819397993,227,14,0.8030932614934262,0.753382261794104,2.0763694455213964,98.73079492317969,0
0.79,251,40,2.1893656533086014,2.4244956264241164,6.222847582912028,93.32434254888739,0
0.76,178,29,1.5795505804385337,3.247686023836245,2.035723357660151,96.6022651565623,0
0.8066666666666666,255,36,2.120704237626325,3.900140017827676,2.683304337509104,93.48837209302326,0
0.8333333333333334,258,39,2.5505510598296617,1.620322311476173,2.413732569879479,93.74584165003327,0
0.7333333333333333,258,38,1.8718469256030124,0.6701877174180757,1.0932695689529295,94.12550066755674,0
0.81,247,46,1.8880500954965773,0.5811471727833721,2.3512006033274173,93.88704318936877,0
0.7433333333333333,259,41,1.9645125525677876,2.623691569418304,4.334530731734404,92.94743845642049,0
0.7433333333333333,245,34,2.027982369819436,4.497935573066669,1.3350953582175857,94.44816053511705,0
0.7114093959731543,255,17,1.7762838756816213,1.0966131580128307,4.020017242762867,97.78820375335121,0
